scenario_id,K,B,lambda,rho,mu_vm,mu_container,stage_capacity_ratio,holding_vm,holding_container,blocking_cost,states,full_state_optimal_gain,weighted_ff_gain,weighted_ff_relative_gap,weighted_ff_numerically_optimal,uniform_jsq_gain,uniform_jsq_relative_gap,lexicographic_ff_gain,lexicographic_ff_relative_gap,weighted_ff_improvement_over_uniform_jsq,weighted_ff_improvement_over_lexicographic_ff,uniform_jsq_endpoint_error,lexicographic_ff_endpoint_error,rvi_iterations,rvi_span_residual,bellman_residual,globally_certified_within_class,class_definition,minimum_feeder_weight,minimum_feeder_weight_fraction,best_feeder_weight,best_feeder_weight_fraction,best_candidate_kind,best_gain,critical_weight_count,candidate_weight_count,distinct_policy_count,critical_weights,lexicographic_weight,lexicographic_weight_fraction,lexicographic_gain,jsq_gain,improvement_over_lexicographic,improvement_over_jsq,best_tie_state_count,best_generator_residual,best_poisson_gain_error,best_cost_decomposition_error,check_checked_uniformized_rows,check_minimum_transition_probability,check_maximum_row_sum_error,check_rvi_stationary_gain_error,check_stationary_generator_residual,check_stationary_poisson_gain_error,check_arrival_promotion_flow_error,check_promotion_departure_flow_error,check_cost_decomposition_error
K2_B1_lambda0p25_rho0p25_muvm0p5_muc1_hvm1_hc1_cb10,2,1,0.25,0.25,0.5,1.0,0.25,1.0,1.0,10.0,36,0.8849773159807302,0.8849773159807302,0.0,True,0.8849773159807302,0.0,0.8849773159807302,0.0,0.0,0.0,0.0,0.0,183,8.693490372024826e-12,7.538331070477966e-12,True,uniform_argmin_r_q_plus_n_for_r_ge_minimum,1.0,1,1.0,1,uniform_tie_jsq_endpoint,0.8849773159807302,1,3,1,['1'],3.0,3,0.8849773159807302,0.8849773159807302,0.0,0.0,3,3.59121323207734e-17,6.328271240363392e-15,2.220446049250313e-16,45,0.0,2.220446049250313e-16,6.136868790918015e-12,9.302454639925628e-17,9.43689570931383e-15,2.7755575615628914e-17,8.326672684688674e-17,0.0
K2_B1_lambda0p5_rho0p5_muvm0p5_muc1_hvm1_hc1_cb10,2,1,0.5,0.5,0.5,1.0,0.25,1.0,1.0,10.0,36,2.2042896931552476,2.204289693155248,0.0,True,2.204289693155248,0.0,2.204289693155248,0.0,0.0,0.0,0.0,0.0,162,8.665068662594422e-12,7.351730335614093e-12,True,uniform_argmin_r_q_plus_n_for_r_ge_minimum,1.0,1,1.0,1,uniform_tie_jsq_endpoint,2.204289693155248,1,3,1,['1'],3.0,3,2.204289693155248,2.204289693155248,0.0,0.0,3,1.3183898417423734e-16,4.440892098500626e-15,0.0,45,0.0,2.220446049250313e-16,1.085398437794538e-11,1.6653345369377348e-16,2.6201263381153694e-14,0.0,0.0,4.440892098500626e-16
K2_B1_lambda0p75_rho0p75_muvm0p5_muc1_hvm1_hc1_cb10,2,1,0.75,0.75,0.5,1.0,0.25,1.0,1.0,10.0,36,3.894278130747116,3.894278130747115,0.0,True,3.894278130747115,0.0,3.894278130747115,0.0,0.0,0.0,0.0,0.0,146,8.341771717823576e-12,6.941225372258941e-12,True,uniform_argmin_r_q_plus_n_for_r_ge_minimum,1.0,1,1.0,1,uniform_tie_jsq_endpoint,3.894278130747115,1,3,1,['1'],3.0,3,3.894278130747115,3.894278130747115,0.0,0.0,3,1.4578453461783214e-16,1.3322676295501878e-14,4.440892098500626e-16,45,0.0,2.220446049250313e-16,1.3296030942910875e-11,1.5612511283791264e-16,1.5987211554602254e-14,1.1102230246251565e-16,3.3306690738754696e-16,0.0
K2_B1_lambda1_rho1_muvm0p5_muc1_hvm1_hc1_cb10,2,1,1.0,1.0,0.5,1.0,0.25,1.0,1.0,10.0,36,5.832231557655338,5.832231557655338,0.0,True,5.832231557655338,0.0,5.832231557655338,0.0,0.0,0.0,0.0,0.0,137,8.363087999896379e-12,6.8691718979607685e-12,True,uniform_argmin_r_q_plus_n_for_r_ge_minimum,1.0,1,1.0,1,uniform_tie_jsq_endpoint,5.832231557655338,1,3,1,['1'],3.0,3,5.832231557655338,5.832231557655338,0.0,0.0,3,1.942890293094024e-16,2.6645352591003757e-14,8.881784197001252e-16,45,0.0,1.1102230246251565e-16,1.482813871689359e-11,1.1102230246251565e-16,1.687538997430238e-14,0.0,2.220446049250313e-16,0.0
K2_B1_lambda1p5_rho1p5_muvm0p5_muc1_hvm1_hc1_cb10,2,1,1.5,1.5,0.5,1.0,0.25,1.0,1.0,10.0,36,10.137624578862745,10.137624578862745,0.0,True,10.137624578862745,0.0,10.137624578862745,0.0,0.0,0.0,0.0,0.0,134,9.201528428093297e-12,7.544187496932864e-12,True,uniform_argmin_r_q_plus_n_for_r_ge_minimum,1.0,1,1.0,1,uniform_tie_jsq_endpoint,10.137624578862745,1,3,1,['1'],3.0,3,10.137624578862745,10.137624578862745,0.0,0.0,3,6.700369425960417e-17,5.1514348342607263e-14,1.7763568394002505e-15,45,0.0,1.1102230246251565e-16,1.7482904013377265e-11,1.3877787807814457e-16,2.3092638912203256e-14,0.0,0.0,0.0
K2_B1_lambda0p5_rho0p25_muvm1_muc1_hvm1_hc1_cb10,2,1,0.5,0.25,1.0,1.0,0.5,1.0,1.0,10.0,36,1.3125936428407148,1.3125936428407141,0.0,True,1.3125936428407141,0.0,1.3125936428407141,0.0,0.0,0.0,0.0,0.0,117,8.787637284513039e-12,6.979694600062203e-12,True,uniform_argmin_r_q_plus_n_for_r_ge_minimum,1.0,1,1.0,1,uniform_tie_jsq_endpoint,1.3125936428407141,1,3,1,['1'],3.0,3,1.3125936428407141,1.3125936428407141,0.0,0.0,3,8.400195144510347e-17,8.881784197001252e-15,0.0,45,0.0,2.220446049250313e-16,4.22084589501992e-12,5.551115123125783e-17,9.992007221626409e-15,0.0,1.1102230246251565e-16,0.0
K2_B1_lambda1_rho0p5_muvm1_muc1_hvm1_hc1_cb10,2,1,1.0,0.5,1.0,1.0,0.5,1.0,1.0,10.0,36,3.6608229179794387,3.660822917979436,0.0,True,3.660822917979436,0.0,3.660822917979436,0.0,0.0,0.0,0.0,0.0,131,8.43769498715119e-12,6.889266934706484e-12,True,uniform_argmin_r_q_plus_n_for_r_ge_minimum,1.0,1,1.0,1,uniform_tie_jsq_endpoint,3.660822917979436,1,3,1,['1'],3.0,3,3.660822917979436,3.660822917979436,0.0,0.0,3,3.0531133177191805e-16,1.687538997430238e-14,0.0,45,0.0,1.1102230246251565e-16,9.15401088263934e-12,1.1102230246251565e-16,1.4210854715202004e-14,1.1102230246251565e-16,0.0,8.881784197001252e-16
K2_B1_lambda1p5_rho0p75_muvm1_muc1_hvm1_hc1_cb10,2,1,1.5,0.75,1.0,1.0,0.5,1.0,1.0,10.0,36,6.925681225186751,6.925681225186752,0.0,True,6.925681225186752,0.0,6.925681225186752,0.0,0.0,0.0,0.0,0.0,138,9.347189688924118e-12,7.713163441280813e-12,True,uniform_argmin_r_q_plus_n_for_r_ge_minimum,1.0,1,1.0,1,uniform_tie_jsq_endpoint,6.925681225186752,1,3,1,['1'],3.0,3,6.925681225186752,6.925681225186752,0.0,0.0,3,1.734723475976807e-16,1.9539925233402755e-14,1.7763568394002505e-15,45,0.0,0.0,1.5643486506178306e-11,2.0816681711721685e-16,1.9539925233402755e-14,0.0,0.0,8.881784197001252e-16
K2_B1_lambda2_rho1_muvm1_muc1_hvm1_hc1_cb10,2,1,2.0,1.0,1.0,1.0,0.5,1.0,1.0,10.0,36,10.801850924393426,10.801850924393428,0.0,True,10.801850924393428,0.0,10.801850924393428,0.0,0.0,0.0,0.0,0.0,143,8.519407401763601e-12,7.0667915963440464e-12,True,uniform_argmin_r_q_plus_n_for_r_ge_minimum,1.0,1,1.0,1,uniform_tie_jsq_endpoint,10.801850924393428,1,3,1,['1'],3.0,3,10.801850924393428,10.801850924393428,0.0,0.0,3,1.5265566588595902e-16,2.1316282072803006e-14,0.0,45,0.0,0.0,1.8552270830696216e-11,1.465841337200402e-16,3.375077994860476e-14,4.440892098500626e-16,8.881784197001252e-16,1.7763568394002505e-15
K2_B1_lambda3_rho1p5_muvm1_muc1_hvm1_hc1_cb10,2,1,3.0,1.5,1.0,1.0,0.5,1.0,1.0,10.0,36,19.550656322848408,19.5506563228484,0.0,True,19.5506563228484,0.0,19.5506563228484,0.0,0.0,0.0,0.0,0.0,151,9.514167231827741e-12,7.973177673648024e-12,True,uniform_argmin_r_q_plus_n_for_r_ge_minimum,1.0,1,1.0,1,uniform_tie_jsq_endpoint,19.5506563228484,1,3,1,['1'],3.0,3,19.5506563228484,19.5506563228484,0.0,0.0,3,1.1622647289044608e-16,3.197442310920451e-14,3.552713678800501e-15,45,0.0,0.0,2.7892355092262733e-11,9.020562075079397e-17,4.973799150320701e-14,4.440892098500626e-16,4.440892098500626e-16,0.0
K2_B1_lambda1_rho0p25_muvm2_muc1_hvm1_hc1_cb10,2,1,1.0,0.25,2.0,1.0,1.0,1.0,1.0,10.0,36,2.219855232884372,2.2198552328843726,0.0,True,2.2198552328843726,0.0,2.2198552328843726,0.0,0.0,0.0,0.0,0.0,182,8.899547765395255e-12,7.71832597834532e-12,True,uniform_argmin_r_q_plus_n_for_r_ge_minimum,1.0,1,1.0,1,uniform_tie_jsq_endpoint,2.2198552328843726,1,3,1,['1'],3.0,3,2.2198552328843726,2.2198552328843726,0.0,0.0,3,1.0408340855860843e-16,3.1530333899354446e-14,4.440892098500626e-16,45,0.0,0.0,1.0382361637084614e-11,7.112366251504909e-17,1.2878587085651816e-14,2.220446049250313e-16,3.3306690738754696e-16,4.440892098500626e-16
K2_B1_lambda2_rho0p5_muvm2_muc1_hvm1_hc1_cb10,2,1,2.0,0.5,2.0,1.0,1.0,1.0,1.0,10.0,36,7.140765227259252,7.1407652272592514,0.0,True,7.1407652272592514,0.0,7.1407652272592514,0.0,0.0,0.0,0.0,0.0,200,9.457323812966933e-12,8.291700659412982e-12,True,uniform_argmin_r_q_plus_n_for_r_ge_minimum,1.0,1,1.0,1,uniform_tie_jsq_endpoint,7.1407652272592514,1,3,1,['1'],3.0,3,7.1407652272592514,7.1407652272592514,0.0,0.0,3,1.942890293094024e-16,7.016609515630989e-14,0.0,45,0.0,0.0,2.793765219166744e-11,8.326672684688674e-17,4.796163466380676e-14,2.220446049250313e-16,2.220446049250313e-16,8.881784197001252e-16
K2_B1_lambda3_rho0p75_muvm2_muc1_hvm1_hc1_cb10,2,1,3.0,0.75,2.0,1.0,1.0,1.0,1.0,10.0,36,14.45153025652012,14.451530256520126,0.0,True,14.451530256520126,0.0,14.451530256520126,0.0,0.0,0.0,0.0,0.0,196,9.141132295553689e-12,7.9818374132401e-12,True,uniform_argmin_r_q_plus_n_for_r_ge_minimum,1.0,1,1.0,1,uniform_tie_jsq_endpoint,14.451530256520126,1,3,1,['1'],3.0,3,14.451530256520126,14.451530256520126,0.0,0.0,3,1.3183898417423734e-16,9.059419880941277e-14,1.7763568394002505e-15,45,0.0,1.1102230246251565e-16,4.1319836441289226e-11,1.5265566588595902e-16,4.796163466380676e-14,2.220446049250313e-16,2.220446049250313e-16,1.7763568394002505e-15
K2_B1_lambda4_rho1_muvm2_muc1_hvm1_hc1_cb10,2,1,4.0,1.0,2.0,1.0,1.0,1.0,1.0,10.0,36,23.051735956844635,23.051735956844627,0.0,True,23.051735956844627,0.0,23.051735956844627,0.0,0.0,0.0,0.0,0.0,190,8.906653192752856e-12,7.72626407297139e-12,True,uniform_argmin_r_q_plus_n_for_r_ge_minimum,1.0,1,1.0,1,uniform_tie_jsq_endpoint,23.051735956844627,1,3,1,['1'],3.0,3,23.051735956844627,23.051735956844627,0.0,0.0,3,8.326672684688674e-17,4.618527782440651e-14,3.552713678800501e-15,45,0.0,1.1102230246251565e-16,5.0739856760628754e-11,1.457167719820518e-16,3.907985046680551e-14,4.440892098500626e-16,4.440892098500626e-16,0.0
K2_B1_lambda6_rho1p5_muvm2_muc1_hvm1_hc1_cb10,2,1,6.0,1.5,2.0,1.0,1.0,1.0,1.0,10.0,36,41.80487139575042,41.804871395750425,0.0,True,41.804871395750425,0.0,41.804871395750425,0.0,0.0,0.0,0.0,0.0,191,8.881784197001252e-12,7.700506898800086e-12,True,uniform_argmin_r_q_plus_n_for_r_ge_minimum,1.0,1,1.0,1,uniform_tie_jsq_endpoint,41.804871395750425,1,3,1,['1'],3.0,3,41.804871395750425,41.804871395750425,0.0,0.0,3,1.6653345369377348e-16,6.394884621840902e-14,7.105427357601002e-15,45,0.0,0.0,6.567546506630606e-11,1.3877787807814457e-16,5.684341886080802e-14,4.440892098500626e-16,0.0,7.105427357601002e-15
K2_B1_lambda1_rho0p25_muvm4_muc1_hvm1_hc1_cb10,2,1,1.0,0.25,4.0,1.0,2.0,1.0,1.0,10.0,36,1.5134932991037584,1.513493299103757,0.0,True,1.513493299103757,0.0,1.513493299103757,0.0,0.0,0.0,0.0,0.0,284,9.166001291305292e-12,8.385042660208342e-12,True,uniform_argmin_r_q_plus_n_for_r_ge_minimum,1.0,1,1.0,1,uniform_tie_jsq_endpoint,1.513493299103757,1,3,1,['1'],3.0,3,1.513493299103757,1.513493299103757,0.0,0.0,3,3.469446951953614e-16,1.7763568394002505e-14,2.220446049250313e-16,45,0.0,2.220446049250313e-16,1.4532819392343299e-11,1.199127602768968e-16,1.4210854715202004e-14,2.220446049250313e-16,3.3306690738754696e-16,2.220446049250313e-16
K2_B1_lambda2_rho0p5_muvm4_muc1_hvm1_hc1_cb10,2,1,2.0,0.5,4.0,1.0,2.0,1.0,1.0,10.0,36,4.717986764831619,4.717986764831617,0.0,True,4.717986764831617,0.0,4.717986764831617,0.0,0.0,0.0,0.0,0.0,314,9.315215265814913e-12,8.582412558411079e-12,True,uniform_argmin_r_q_plus_n_for_r_ge_minimum,1.0,1,1.0,1,uniform_tie_jsq_endpoint,4.717986764831617,1,3,1,['1'],3.0,3,4.717986764831617,4.717986764831617,0.0,0.0,3,8.673617379884035e-17,2.930988785010413e-14,8.881784197001252e-16,45,0.0,1.1102230246251565e-16,4.005151765795745e-11,9.367506770274758e-17,1.3322676295501878e-14,2.220446049250313e-16,4.440892098500626e-16,0.0
K2_B1_lambda3_rho0p75_muvm4_muc1_hvm1_hc1_cb10,2,1,3.0,0.75,4.0,1.0,2.0,1.0,1.0,10.0,36,10.506010258067093,10.506010258067091,0.0,True,10.506010258067091,0.0,10.506010258067091,0.0,0.0,0.0,0.0,0.0,296,9.972467296393006e-12,9.124367927881849e-12,True,uniform_argmin_r_q_plus_n_for_r_ge_minimum,1.0,1,1.0,1,uniform_tie_jsq_endpoint,10.506010258067091,1,3,1,['1'],3.0,3,10.506010258067091,10.506010258067091,0.0,0.0,3,1.1102230246251565e-16,3.552713678800501e-14,0.0,45,0.0,0.0,6.980549471791164e-11,1.1102230246251565e-16,3.552713678800501e-14,8.881784197001252e-16,0.0,1.7763568394002505e-15
K2_B1_lambda4_rho1_muvm4_muc1_hvm1_hc1_cb10,2,1,4.0,1.0,4.0,1.0,2.0,1.0,1.0,10.0,36,18.193042928302344,18.193042928302347,0.0,True,18.193042928302347,0.0,18.193042928302347,0.0,0.0,0.0,0.0,0.0,265,9.976020010071807e-12,9.025447056387748e-12,True,uniform_argmin_r_q_plus_n_for_r_ge_minimum,1.0,1,1.0,1,uniform_tie_jsq_endpoint,18.193042928302347,1,3,1,['1'],3.0,3,18.193042928302347,18.193042928302347,0.0,0.0,3,3.0531133177191805e-16,6.394884621840902e-14,0.0,45,0.0,0.0,9.029221814671473e-11,1.1102230246251565e-16,4.973799150320701e-14,4.440892098500626e-16,4.440892098500626e-16,3.552713678800501e-15
K2_B1_lambda6_rho1p5_muvm4_muc1_hvm1_hc1_cb10,2,1,6.0,1.5,4.0,1.0,2.0,1.0,1.0,10.0,36,36.16670059925246,36.16670059925245,0.0,True,36.16670059925245,0.0,36.16670059925245,0.0,0.0,0.0,0.0,0.0,219,9.038103598868474e-12,7.968736781549524e-12,True,uniform_argmin_r_q_plus_n_for_r_ge_minimum,1.0,1,1.0,1,uniform_tie_jsq_endpoint,36.16670059925245,1,3,1,['1'],3.0,3,36.16670059925245,36.16670059925245,0.0,0.0,3,1.942890293094024e-16,1.0658141036401503e-13,0.0,45,0.0,1.1102230246251565e-16,1.0577849707260611e-10,1.6653345369377348e-16,7.815970093361102e-14,0.0,4.440892098500626e-16,0.0
K2_B2_lambda0p25_rho0p25_muvm0p5_muc1_hvm1_hc1_cb10,2,2,0.25,0.25,0.5,1.0,0.25,1.0,1.0,10.0,81,0.8038398026528691,0.8038398026528711,0.0,True,0.8157297983753172,0.014791499106175355,0.8038398026528711,0.0,0.01188999572244609,0.0,0.0,0.0,308,9.244160992238903e-12,8.487627267683706e-12,True,uniform_argmin_r_q_plus_n_for_r_ge_minimum,1.0,1,3.0,3,lexicographic_feeder_first,0.8038398026528711,2,4,4,"['1', '2']",3.0,3,0.8038398026528711,0.8157297983753172,0.0,0.01188999572244609,6,7.632783294297951e-17,3.275157922644212e-14,2.220446049250313e-16,117,0.0,2.220446049250313e-16,2.1641577419018176e-12,7.632783294297951e-17,3.652633751016765e-14,0.0,1.6653345369377348e-16,1.1102230246251565e-16
K2_B2_lambda0p5_rho0p5_muvm0p5_muc1_hvm1_hc1_cb10,2,2,0.5,0.5,0.5,1.0,0.25,1.0,1.0,10.0,81,1.9214376584646153,1.9214376584646145,0.0,True,1.9636883750851126,0.02198911655258128,1.9214376584646145,0.0,0.042250716620498174,0.0,0.0,0.0,360,9.798384326131782e-12,9.11998254693458e-12,True,uniform_argmin_r_q_plus_n_for_r_ge_minimum,1.0,1,3.0,3,lexicographic_feeder_first,1.9214376584646145,2,4,4,"['1', '2']",3.0,3,1.9214376584646145,1.9636883750851126,0.0,0.042250716620498174,6,1.2967057982926633e-16,3.175237850427948e-14,0.0,117,0.0,1.1102230246251565e-16,8.874012635828876e-12,1.3877787807814457e-16,2.6201263381153694e-14,5.551115123125783e-17,1.6653345369377348e-16,0.0
K2_B2_lambda0p75_rho0p75_muvm0p5_muc1_hvm1_hc1_cb10,2,2,0.75,0.75,0.5,1.0,0.25,1.0,1.0,10.0,81,3.5395085840806866,3.539508584080688,0.0,True,3.6022522630706706,0.01772666388554059,3.539508584080688,0.0,0.06274367898998268,0.0,0.0,0.0,358,9.755751761986176e-12,9.06086317087329e-12,True,uniform_argmin_r_q_plus_n_for_r_ge_minimum,1.0,1,3.0,3,lexicographic_feeder_first,3.539508584080688,2,4,4,"['1', '2']",3.0,3,3.539508584080688,3.6022522630706706,0.0,0.06274367898998268,6,6.591949208711867e-17,4.440892098500626e-14,4.440892098500626e-16,117,0.0,0.0,1.716760067438372e-11,1.5092094240998222e-16,3.907985046680551e-14,2.220446049250313e-16,1.1102230246251565e-16,8.881784197001252e-16
K2_B2_lambda1_rho1_muvm0p5_muc1_hvm1_hc1_cb10,2,2,1.0,1.0,0.5,1.0,0.25,1.0,1.0,10.0,81,5.582598171711195,5.582598171711195,0.0,True,5.646349635252987,0.011419676211847111,5.582598171711195,0.0,0.06375146354179151,0.0,0.0,0.0,327,9.471534667682135e-12,8.72324434908478e-12,True,uniform_argmin_r_q_plus_n_for_r_ge_minimum,1.0,1,3.0,3,lexicographic_feeder_first,5.582598171711195,2,4,4,"['1', '2']",3.0,3,5.582598171711195,5.646349635252987,0.0,0.06375146354179151,6,2.0469737016526324e-16,4.263256414560601e-14,0.0,117,0.0,1.1102230246251565e-16,2.3996804543457984e-11,3.5388358909926865e-16,4.085620730620576e-14,1.1102230246251565e-16,0.0,0.0
K2_B2_lambda1p5_rho1p5_muvm0p5_muc1_hvm1_hc1_cb10,2,2,1.5,1.5,0.5,1.0,0.25,1.0,1.0,10.0,81,10.30234773257702,10.30234773257702,0.0,True,10.34433298837,0.004075309520005681,10.30234773257702,0.0,0.04198525579298007,0.0,0.0,0.0,253,9.812595180846984e-12,8.82649509037492e-12,True,uniform_argmin_r_q_plus_n_for_r_ge_minimum,1.0,1,3.0,3,lexicographic_feeder_first,10.30234773257702,2,4,4,"['1', '2']",3.0,3,10.30234773257702,10.34433298837,0.0,0.04198525579298007,6,6.028164079019405e-17,7.105427357601002e-14,1.7763568394002505e-15,117,0.0,0.0,3.515765456540976e-11,1.0755285551056204e-16,7.105427357601002e-14,1.1102230246251565e-16,1.1102230246251565e-16,0.0
K2_B2_lambda0p5_rho0p25_muvm1_muc1_hvm1_hc1_cb10,2,2,0.5,0.25,1.0,1.0,0.5,1.0,1.0,10.0,81,1.0717969191188723,1.07179691911887,0.0,True,1.0915797791100181,0.018457657078739666,1.07179691911887,0.0,0.01978285999114804,0.0,0.0,0.0,177,9.197975714414497e-12,7.891270970006303e-12,True,uniform_argmin_r_q_plus_n_for_r_ge_minimum,1.0,1,3.0,3,lexicographic_feeder_first,1.07179691911887,2,4,4,"['1', '2']",3.0,3,1.07179691911887,1.0915797791100181,0.0,0.01978285999114804,6,2.3505503099485736e-16,2.3314683517128287e-14,2.220446049250313e-16,117,0.0,2.220446049250313e-16,1.6058265828178264e-12,2.983724378680108e-16,2.6423307986078726e-14,1.1102230246251565e-16,1.1102230246251565e-16,2.220446049250313e-16
K2_B2_lambda1_rho0p5_muvm1_muc1_hvm1_hc1_cb10,2,2,1.0,0.5,1.0,1.0,0.5,1.0,1.0,10.0,81,2.760917310333057,2.760917310333051,0.0,True,2.8279629675774496,0.02428383385241791,2.760917310333051,0.0,0.0670456572443987,0.0,0.0,0.0,241,9.070078021977679e-12,8.121170402830558e-12,True,uniform_argmin_r_q_plus_n_for_r_ge_minimum,1.0,1,3.0,3,lexicographic_feeder_first,2.760917310333051,2,4,4,"['1', '2']",3.0,3,2.760917310333051,2.8279629675774496,0.0,0.0670456572443987,6,3.0531133177191805e-16,3.597122599785507e-14,0.0,117,0.0,1.1102230246251565e-16,8.217426739065559e-12,4.2327252813834093e-16,3.9968028886505635e-14,3.3306690738754696e-16,1.1102230246251565e-16,0.0
K2_B2_lambda1p5_rho0p75_muvm1_muc1_hvm1_hc1_cb10,2,2,1.5,0.75,1.0,1.0,0.5,1.0,1.0,10.0,81,5.71253346699082,5.712533466990815,0.0,True,5.801431098680852,0.01556185748472481,5.712533466990815,0.0,0.0888976316900365,0.0,0.0,0.0,256,9.897860309138196e-12,8.911760218666132e-12,True,uniform_argmin_r_q_plus_n_for_r_ge_minimum,1.0,1,3.0,3,lexicographic_feeder_first,5.712533466990815,2,4,4,"['1', '2']",3.0,3,5.712533466990815,5.801431098680852,0.0,0.0888976316900365,6,2.1510571102112408e-16,5.861977570020827e-14,0.0,117,0.0,0.0,2.022115808131275e-11,1.8041124150158794e-16,5.773159728050814e-14,4.440892098500626e-16,0.0,8.881784197001252e-16
K2_B2_lambda2_rho1_muvm1_muc1_hvm1_hc1_cb10,2,2,2.0,1.0,1.0,1.0,0.5,1.0,1.0,10.0,81,9.763070767676163,9.763070767676165,0.0,True,9.838222290517253,0.007697529253798219,9.763070767676165,0.0,0.07515152284108773,0.0,0.0,0.0,238,9.14468500923249e-12,8.160361275599826e-12,True,uniform_argmin_r_q_plus_n_for_r_ge_minimum,1.0,1,3.0,3,lexicographic_feeder_first,9.763070767676165,2,4,4,"['1', '2']",3.0,3,9.763070767676165,9.838222290517253,0.0,0.07515152284108773,6,1.700029006457271e-16,4.796163466380676e-14,1.7763568394002505e-15,117,0.0,0.0,2.8387958650455403e-11,2.0643209364124004e-16,4.085620730620576e-14,4.440892098500626e-16,4.440892098500626e-16,0.0
K2_B2_lambda3_rho1p5_muvm1_muc1_hvm1_hc1_cb10,2,2,3.0,1.5,1.0,1.0,0.5,1.0,1.0,10.0,81,19.26559718783902,19.265597187839024,0.0,True,19.30014484161149,0.0017932303595695517,19.265597187839024,0.0,0.03454765377246716,0.0,0.0,0.0,186,9.599432360118954e-12,8.280487406864268e-12,True,uniform_argmin_r_q_plus_n_for_r_ge_minimum,1.0,1,3.0,3,lexicographic_feeder_first,19.265597187839024,2,4,4,"['1', '2']",3.0,3,19.265597187839024,19.30014484161149,0.0,0.03454765377246716,6,1.3877787807814457e-16,1.2434497875801753e-13,0.0,117,0.0,0.0,4.221689664518635e-11,9.020562075079397e-17,9.947598300641403e-14,0.0,4.440892098500626e-16,3.552713678800501e-15
K2_B2_lambda1_rho0p25_muvm2_muc1_hvm1_hc1_cb10,2,2,1.0,0.25,2.0,1.0,1.0,1.0,1.0,10.0,81,1.652063559277939,1.6520635592779331,0.0,True,1.6787108309583267,0.01612968915798521,1.6520635592779331,0.0,0.026647271680393603,0.0,0.0,0.0,240,9.553247082294547e-12,8.555239849883378e-12,True,uniform_argmin_r_q_plus_n_for_r_ge_minimum,1.0,1,3.0,3,lexicographic_feeder_first,1.6520635592779331,2,4,4,"['1', '2']",3.0,3,1.6520635592779331,1.6787108309583267,0.0,0.026647271680393603,6,1.7770073607037418e-16,4.720668300706166e-13,2.220446049250313e-16,117,0.0,0.0,4.614308934947076e-12,1.0885389811754465e-16,2.55351295663786e-14,4.440892098500626e-16,2.220446049250313e-16,2.220446049250313e-16
K2_B2_lambda2_rho0p5_muvm2_muc1_hvm1_hc1_cb10,2,2,2.0,0.5,2.0,1.0,1.0,1.0,1.0,10.0,81,5.345996270224956,5.3459962702249575,0.0,True,5.416418293278866,0.013172853008920493,5.3459962702249575,0.0,0.07042202305390877,0.0,0.0,0.0,332,9.79127889877418e-12,9.044431870108838e-12,True,uniform_argmin_r_q_plus_n_for_r_ge_minimum,1.0,1,3.0,3,lexicographic_feeder_first,5.3459962702249575,2,4,4,"['1', '2']",3.0,3,5.3459962702249575,5.416418293278866,0.0,0.07042202305390877,6,1.0234868508263162e-16,7.016609515630989e-14,8.881784197001252e-16,117,0.0,0.0,2.6855850876472687e-11,2.706168622523819e-16,4.440892098500626e-14,2.220446049250313e-16,0.0,0.0
K2_B2_lambda3_rho0p75_muvm2_muc1_hvm1_hc1_cb10,2,2,3.0,0.75,2.0,1.0,1.0,1.0,1.0,10.0,81,12.81055429488128,12.810554294881278,0.0,True,12.868195293930217,0.004499492974474078,12.810554294881278,0.0,0.057640999048938824,0.0,0.0,0.0,299,9.42890210353653e-12,8.61377635885674e-12,True,uniform_argmin_r_q_plus_n_for_r_ge_minimum,1.0,1,3.0,3,lexicographic_feeder_first,12.810554294881278,2,4,4,"['1', '2']",3.0,3,12.810554294881278,12.868195293930217,0.0,0.057640999048938824,6,1.8041124150158794e-16,1.0302869668521453e-13,0.0,117,0.0,1.1102230246251565e-16,5.065992070285574e-11,1.457167719820518e-16,5.861977570020827e-14,0.0,4.440892098500626e-16,1.7763568394002505e-15
K2_B2_lambda4_rho1_muvm2_muc1_hvm1_hc1_cb10,2,2,4.0,1.0,2.0,1.0,1.0,1.0,1.0,10.0,81,22.160767515805937,22.160767515805937,0.0,True,22.1926208270288,0.0014373740079239238,22.160820867052234,2.4074638326126305e-06,0.03185331122286428,5.335124629723964e-05,0.0,0.0,241,9.00257646208047e-12,8.030909270928532e-12,True,uniform_argmin_r_q_plus_n_for_r_ge_minimum,1.0,1,1.5,3/2,open_interval_representative,22.160767515805937,2,4,4,"['1', '2']",3.0,3,22.160820867052234,22.1926208270288,5.335124629723964e-05,0.03185331122286428,6,2.7755575615628914e-16,1.0658141036401503e-13,0.0,117,0.0,1.1102230246251565e-16,6.349054615384375e-11,1.942890293094024e-16,7.815970093361102e-14,4.440892098500626e-16,0.0,3.552713678800501e-15
K2_B2_lambda6_rho1p5_muvm2_muc1_hvm1_hc1_cb10,2,2,6.0,1.5,2.0,1.0,1.0,1.0,1.0,10.0,81,42.02801033740381,42.02801033740382,0.0,True,42.03715707026489,0.00021763421079526565,42.02803758626989,6.483501326084328e-07,0.00914673286106904,2.724886606841892e-05,0.0,0.0,180,8.604672530054813e-12,7.355005493536737e-12,True,uniform_argmin_r_q_plus_n_for_r_ge_minimum,1.0,1,1.5,3/2,open_interval_representative,42.02801033740382,2,4,4,"['1', '2']",3.0,3,42.02803758626989,42.03715707026489,2.724886606841892e-05,0.00914673286106904,6,1.5265566588595902e-16,1.4921397450962104e-13,7.105427357601002e-15,117,0.0,0.0,7.401013135677204e-11,1.3877787807814457e-16,1.2789769243681803e-13,8.881784197001252e-16,0.0,0.0
K2_B2_lambda1_rho0p25_muvm4_muc1_hvm1_hc1_cb10,2,2,1.0,0.25,4.0,1.0,2.0,1.0,1.0,10.0,81,1.2883523794836145,1.2883523794836125,0.0,True,1.297034226744544,0.006738721020105814,1.2900841101868177,0.0013441436758919179,0.008681847260931574,0.0017317307032052032,0.0,0.0,325,9.730882766234572e-12,8.984910038201122e-12,True,uniform_argmin_r_q_plus_n_for_r_ge_minimum,1.0,1,1.5,3/2,open_interval_representative,1.2883523794836125,2,4,4,"['1', '2']",3.0,3,1.2900841101868177,1.297034226744544,0.0017317307032052032,0.008681847260931574,6,3.885780586188048e-16,2.731148640577885e-14,0.0,117,0.0,1.1102230246251565e-16,5.39124300757976e-12,3.885780586188048e-16,2.9531932455029164e-14,2.220446049250313e-16,7.771561172376096e-16,2.220446049250313e-16
K2_B2_lambda2_rho0p5_muvm4_muc1_hvm1_hc1_cb10,2,2,2.0,0.5,4.0,1.0,2.0,1.0,1.0,10.0,81,3.4034275531829032,3.403427553182907,0.0,True,3.4349369927563407,0.009258149051525907,3.4136083548260285,0.0029913378451685135,0.031509439573433884,0.01018080164312174,0.0,0.0,480,9.691802915767767e-12,9.189093930217496e-12,True,uniform_argmin_r_q_plus_n_for_r_ge_minimum,1.0,1,1.5,3/2,open_interval_representative,3.403427553182907,2,4,4,"['1', '2']",3.0,3,3.4136083548260285,3.4349369927563407,0.01018080164312174,0.031509439573433884,6,1.0581813203458523e-16,4.8405723873656825e-14,4.440892098500626e-16,117,0.0,1.1102230246251565e-16,2.788391739727558e-11,2.3418766925686896e-16,4.707345624410664e-14,0.0,4.440892098500626e-16,0.0
K2_B2_lambda3_rho0p75_muvm4_muc1_hvm1_hc1_cb10,2,2,3.0,0.75,4.0,1.0,2.0,1.0,1.0,10.0,81,8.540657853975139,8.540657853975143,0.0,True,8.58470160422909,0.005156950554277512,8.556572314008319,0.0018633763704481849,0.04404375025394813,0.015914460033176425,0.0,0.0,495,9.912071163853398e-12,9.403033907062763e-12,True,uniform_argmin_r_q_plus_n_for_r_ge_minimum,1.0,1,1.5,3/2,open_interval_representative,8.540657853975143,2,4,4,"['1', '2']",3.0,3,8.556572314008319,8.58470160422909,0.015914460033176425,0.04404375025394813,6,4.163336342344337e-16,7.283063041541027e-14,1.7763568394002505e-15,117,0.0,0.0,6.749267811301252e-11,1.942890293094024e-16,6.039613253960852e-14,4.440892098500626e-16,4.440892098500626e-16,1.7763568394002505e-15
K2_B2_lambda4_rho1_muvm4_muc1_hvm1_hc1_cb10,2,2,4.0,1.0,4.0,1.0,2.0,1.0,1.0,10.0,81,16.662415633235398,16.66241563323539,0.0,True,16.696206253524437,0.002027954471477688,16.674421030630846,0.0007205076178451588,0.03379062028904656,0.012005397395455475,0.0,0.0,413,9.592326932761353e-12,8.995693079327793e-12,True,uniform_argmin_r_q_plus_n_for_r_ge_minimum,1.0,1,1.5,3/2,open_interval_representative,16.66241563323539,2,4,4,"['1', '2']",3.0,3,16.674421030630846,16.696206253524437,0.012005397395455475,0.03379062028904656,6,1.3877787807814457e-16,1.0302869668521453e-13,0.0,117,0.0,0.0,9.528378086542943e-11,1.1102230246251565e-16,1.0302869668521453e-13,0.0,8.881784197001252e-16,0.0
K2_B2_lambda6_rho1p5_muvm4_muc1_hvm1_hc1_cb10,2,2,6.0,1.5,4.0,1.0,2.0,1.0,1.0,10.0,81,35.93615691519966,35.93615691519967,0.0,True,35.94854328457814,0.00034467707294665457,35.94001541641786,0.00010737100317382187,0.012386369378475592,0.0038585012181897582,0.0,0.0,268,9.585221505403752e-12,8.637979220793568e-12,True,uniform_argmin_r_q_plus_n_for_r_ge_minimum,1.0,1,1.5,3/2,open_interval_representative,35.93615691519967,2,4,4,"['1', '2']",3.0,3,35.94001541641786,35.94854328457814,0.0038585012181897582,0.012386369378475592,6,2.220446049250313e-16,1.7053025658242404e-13,7.105427357601002e-15,117,0.0,1.1102230246251565e-16,1.2570211538331932e-10,3.3306690738754696e-16,2.3447910280083306e-13,0.0,0.0,0.0
K2_B3_lambda0p25_rho0p25_muvm0p5_muc1_hvm1_hc1_cb10,2,3,0.25,0.25,0.5,1.0,0.25,1.0,1.0,10.0,144,0.8017779917560012,0.8017779917560018,0.0,True,0.8145440146943616,0.015922141876707138,0.8017779917560018,0.0,0.012766022938359711,0.0,0.0,0.0,382,9.968914582714206e-12,9.293926739317726e-12,True,uniform_argmin_r_q_plus_n_for_r_ge_minimum,1.0,1,3.0,3,lexicographic_feeder_first,0.8017779917560018,2,4,4,"['1', '2']",3.0,3,0.8017779917560018,0.8145440146943616,0.0,0.012766022938359711,9,2.688821387764051e-17,4.3076653355456074e-14,1.1102230246251565e-16,225,0.0,2.220446049250313e-16,6.559197629485425e-13,8.456776945386935e-17,5.10702591327572e-14,2.7755575615628914e-17,1.1102230246251565e-16,2.220446049250313e-16
K2_B3_lambda0p5_rho0p5_muvm0p5_muc1_hvm1_hc1_cb10,2,3,0.5,0.5,0.5,1.0,0.25,1.0,1.0,10.0,144,1.9295086311964689,1.92950863119647,0.0,True,1.9813746826522787,0.026880445423894367,1.92950863119647,0.0,0.05186605145580869,0.0,0.0,0.0,578,9.848122317634989e-12,9.418577029407516e-12,True,uniform_argmin_r_q_plus_n_for_r_ge_minimum,1.0,1,3.0,3,lexicographic_feeder_first,1.92950863119647,2,4,4,"['1', '2']",3.0,3,1.92950863119647,1.9813746826522787,0.0,0.05186605145580869,9,1.942890293094024e-16,5.861977570020827e-14,0.0,225,0.0,2.220446049250313e-16,5.21338527903481e-12,1.0408340855860843e-16,4.1522341120980855e-14,2.220446049250313e-16,1.1102230246251565e-16,0.0
K2_B3_lambda0p75_rho0p75_muvm0p5_muc1_hvm1_hc1_cb10,2,3,0.75,0.75,0.5,1.0,0.25,1.0,1.0,10.0,144,3.7398298613231162,3.7398298613231233,0.0,True,3.8212462039450275,0.02177006592302755,3.7398298613231233,0.0,0.08141634262190411,0.0,0.0,0.0,677,9.748646334628575e-12,9.377942866706235e-12,True,uniform_argmin_r_q_plus_n_for_r_ge_minimum,1.0,1,3.0,3,lexicographic_feeder_first,3.7398298613231233,2,4,4,"['1', '2']",3.0,3,3.7398298613231233,3.8212462039450275,0.0,0.08141634262190411,9,1.9905951886833861e-16,8.08242361927114e-14,0.0,225,0.0,2.220446049250313e-16,1.5426770971771475e-11,5.551115123125783e-17,7.283063041541027e-14,3.3306690738754696e-16,1.1102230246251565e-16,4.440892098500626e-16
K2_B3_lambda1_rho1_muvm0p5_muc1_hvm1_hc1_cb10,2,3,1.0,1.0,0.5,1.0,0.25,1.0,1.0,10.0,144,6.1955803699227125,6.195580369922714,0.0,True,6.268750899641268,0.011810117107635583,6.195580369922714,0.0,0.07317052971855365,0.0,0.0,0.0,638,9.634959496906959e-12,9.256595490114705e-12,True,uniform_argmin_r_q_plus_n_for_r_ge_minimum,1.0,1,3.0,3,lexicographic_feeder_first,6.195580369922714,2,4,4,"['1', '2']",3.0,3,6.195580369922714,6.268750899641268,0.0,0.07317052971855365,9,5.620504062164855e-16,8.348877145181177e-14,0.0,225,0.0,2.220446049250313e-16,2.6847857270695386e-11,3.885780586188048e-16,9.769962616701378e-14,1.1102230246251565e-16,2.220446049250313e-16,8.881784197001252e-16
K2_B3_lambda1p5_rho1p5_muvm0p5_muc1_hvm1_hc1_cb10,2,3,1.5,1.5,0.5,1.0,0.25,1.0,1.0,10.0,144,11.646377806406118,11.646377806406118,0.0,True,11.67510916009906,0.002466977644941104,11.646377806406118,0.0,0.028731353692942108,0.0,0.0,0.0,444,9.86233317235019e-12,9.28901400243376e-12,True,uniform_argmin_r_q_plus_n_for_r_ge_minimum,1.0,1,3.0,3,lexicographic_feeder_first,11.646377806406118,2,4,4,"['1', '2']",3.0,3,11.646377806406118,11.67510916009906,0.0,0.028731353692942108,9,8.326672684688674e-17,9.592326932761353e-14,0.0,225,0.0,1.1102230246251565e-16,4.2792436261152034e-11,1.8995222061946038e-16,1.1901590823981678e-13,1.1102230246251565e-16,0.0,0.0
K2_B3_lambda0p5_rho0p25_muvm1_muc1_hvm1_hc1_cb10,2,3,0.5,0.25,1.0,1.0,0.5,1.0,1.0,10.0,144,1.059374621921043,1.0593746219210427,0.0,True,1.0800901527731173,0.01955449037896464,1.0593746219210427,0.0,0.02071553085207456,0.0,0.0,0.0,224,9.123368727159686e-12,8.059775069568786e-12,True,uniform_argmin_r_q_plus_n_for_r_ge_minimum,1.0,1,3.0,3,lexicographic_feeder_first,1.0593746219210427,2,4,4,"['1', '2']",3.0,3,1.0593746219210427,1.0800901527731173,0.0,0.02071553085207456,9,6.158268339717665e-17,4.6851411639181606e-14,0.0,225,0.0,2.220446049250313e-16,4.651834473179406e-13,1.942890293094024e-16,4.951594689828198e-14,1.1102230246251565e-16,1.1102230246251565e-16,0.0
K2_B3_lambda1_rho0p5_muvm1_muc1_hvm1_hc1_cb10,2,3,1.0,0.5,1.0,1.0,0.5,1.0,1.0,10.0,144,2.6399203890752014,2.6399203890751934,0.0,True,2.7152124423204667,0.02852057719499678,2.6399203890751934,0.0,0.07529205324527322,0.0,0.0,0.0,400,9.677592061052565e-12,9.052647520491064e-12,True,uniform_argmin_r_q_plus_n_for_r_ge_minimum,1.0,1,3.0,3,lexicographic_feeder_first,2.6399203890751934,2,4,4,"['1', '2']",3.0,3,2.6399203890751934,2.7152124423204667,0.0,0.07529205324527322,9,3.8163916471489756e-16,9.814371537686384e-14,0.0,225,0.0,1.1102230246251565e-16,6.034284183442651e-12,6.591949208711867e-17,1.0080825063596421e-13,0.0,1.1102230246251565e-16,0.0
K2_B3_lambda1p5_rho0p75_muvm1_muc1_hvm1_hc1_cb10,2,3,1.5,0.75,1.0,1.0,0.5,1.0,1.0,10.0,144,5.75198986453386,5.751989864533854,0.0,True,5.851989904950042,0.01738529496249139,5.751989864533854,0.0,0.10000004041618737,0.0,0.0,0.0,488,9.727330052555772e-12,9.222178576351325e-12,True,uniform_argmin_r_q_plus_n_for_r_ge_minimum,1.0,1,3.0,3,lexicographic_feeder_first,5.751989864533854,2,4,4,"['1', '2']",3.0,3,5.751989864533854,5.851989904950042,0.0,0.10000004041618737,9,3.209238430557093e-16,9.414691248821327e-14,0.0,225,0.0,0.0,2.1171508990391885e-11,1.1449174941446927e-16,1.6253665080512292e-13,0.0,0.0,0.0
K2_B3_lambda2_rho1_muvm1_muc1_hvm1_hc1_cb10,2,3,2.0,1.0,1.0,1.0,0.5,1.0,1.0,10.0,144,10.388888418641665,10.38888841864167,0.0,True,10.455375021761899,0.0063997802691702285,10.38888841864167,0.0,0.0664866031202287,0.0,0.0,0.0,437,9.57811607804615e-12,9.018341629030147e-12,True,uniform_argmin_r_q_plus_n_for_r_ge_minimum,1.0,1,3.0,3,lexicographic_feeder_first,10.38888841864167,2,4,4,"['1', '2']",3.0,3,10.38888841864167,10.455375021761899,0.0,0.0664866031202287,9,6.591949208711867e-17,1.0480505352461478e-13,0.0,225,0.0,0.0,3.659295089164516e-11,1.7650811368064012e-16,8.704148513061227e-14,4.440892098500626e-16,0.0,1.7763568394002505e-15
K2_B3_lambda3_rho1p5_muvm1_muc1_hvm1_hc1_cb10,2,3,3.0,1.5,1.0,1.0,0.5,1.0,1.0,10.0,144,20.748681024483577,20.748681024483574,0.0,True,20.76370468384857,0.0007240778026932968,20.748681024483574,0.0,0.015023659364995723,0.0,0.0,0.0,280,9.819700608204585e-12,8.892442338037654e-12,True,uniform_argmin_r_q_plus_n_for_r_ge_minimum,1.0,1,3.0,3,lexicographic_feeder_first,20.748681024483574,2,4,4,"['1', '2']",3.0,3,20.748681024483574,20.76370468384857,0.0,0.015023659364995723,9,2.3592239273284576e-16,1.1723955140041653e-13,3.552713678800501e-15,225,0.0,0.0,5.518785428648698e-11,2.3592239273284576e-16,1.9184653865522705e-13,6.661338147750939e-16,2.220446049250313e-16,0.0
K2_B3_lambda1_rho0p25_muvm2_muc1_hvm1_hc1_cb10,2,3,1.0,0.25,2.0,1.0,1.0,1.0,1.0,10.0,144,1.6112382960943474,1.6112382960943417,0.0,True,1.6376610329846335,0.016399024870706564,1.6112382960943417,0.0,0.026422736890291842,0.0,0.0,0.0,298,9.158895863947691e-12,8.34879387845433e-12,True,uniform_argmin_r_q_plus_n_for_r_ge_minimum,1.0,1,3.0,3,lexicographic_feeder_first,1.6112382960943417,2,4,4,"['1', '2']",3.0,3,1.6112382960943417,1.6376610329846335,0.0,0.026422736890291842,9,2.983724378680108e-16,5.3435034175208784e-12,4.440892098500626e-16,225,0.0,0.0,1.5241141682054149e-12,2.0006918214146574e-16,8.193445921733655e-14,1.2212453270876722e-15,3.3306690738754696e-16,2.220446049250313e-16
K2_B3_lambda2_rho0p5_muvm2_muc1_hvm1_hc1_cb10,2,3,2.0,0.5,2.0,1.0,1.0,1.0,1.0,10.0,144,5.046420260936365,5.046420260936376,0.0,True,5.119468032487836,0.014475166112684505,5.046420260936376,0.0,0.07304777155145992,0.0,0.0,0.0,568,9.769962616701378e-12,9.32476318382669e-12,True,uniform_argmin_r_q_plus_n_for_r_ge_minimum,1.0,1,3.0,3,lexicographic_feeder_first,5.046420260936376,2,4,4,"['1', '2']",3.0,3,5.046420260936376,5.119468032487836,0.0,0.07304777155145992,9,1.192622389734055e-16,1.5010215292932116e-13,8.881784197001252e-16,225,0.0,2.220446049250313e-16,2.3371526935989095e-11,2.5500435096859064e-16,9.947598300641403e-14,6.661338147750939e-16,4.440892098500626e-16,0.0
K2_B3_lambda3_rho0p75_muvm2_muc1_hvm1_hc1_cb10,2,3,3.0,0.75,2.0,1.0,1.0,1.0,1.0,10.0,144,13.27740267542703,13.277402675427021,0.0,True,13.324313830735706,0.0035331575350573663,13.277445815789187,3.2491567222772518e-06,0.04691115530868473,4.314036216612749e-05,0.0,0.0,509,9.64917035162216e-12,9.158895863947691e-12,True,uniform_argmin_r_q_plus_n_for_r_ge_minimum,1.0,1,1.5,3/2,open_interval_representative,13.277402675427021,2,4,4,"['1', '2']",3.0,3,13.277445815789187,13.324313830735706,4.314036216612749e-05,0.04691115530868473,9,8.933825901280557e-17,1.4566126083082054e-13,0.0,225,0.0,1.1102230246251565e-16,5.918110446145874e-11,9.367506770274758e-17,1.509903313490213e-13,4.440892098500626e-16,4.440892098500626e-16,0.0
K2_B3_lambda4_rho1_muvm2_muc1_hvm1_hc1_cb10,2,3,4.0,1.0,2.0,1.0,1.0,1.0,1.0,10.0,144,23.421593171304302,23.421593171304302,0.0,True,23.437351768822754,0.0006728234669262197,23.42161403493469,8.907861321371466e-07,0.015758597518452433,2.0863630389555965e-05,0.0,0.0,358,9.762857189343777e-12,9.038991777288174e-12,True,uniform_argmin_r_q_plus_n_for_r_ge_minimum,1.0,1,1.5,3/2,open_interval_representative,23.421593171304302,2,4,4,"['1', '2']",3.0,3,23.42161403493469,23.437351768822754,2.0863630389555965e-05,0.015758597518452433,9,8.326672684688674e-17,1.7408297026122455e-13,0.0,225,0.0,1.1102230246251565e-16,7.990408334990207e-11,1.8041124150158794e-16,1.4210854715202004e-13,4.440892098500626e-16,0.0,0.0
K2_B3_lambda6_rho1p5_muvm2_muc1_hvm1_hc1_cb10,2,3,6.0,1.5,2.0,1.0,1.0,1.0,1.0,10.0,144,43.825071324481115,43.82507132448112,0.0,True,43.82697691814333,4.348181542264204e-05,43.82507404648492,6.21106531966815e-08,0.0019055936622081049,2.7220037992492507e-06,0.0,0.0,205,9.663381206337363e-12,8.384848371179032e-12,True,uniform_argmin_r_q_plus_n_for_r_ge_minimum,1.0,1,1.5,3/2,open_interval_representative,43.82507132448112,2,4,4,"['1', '2']",3.0,3,43.82507404648492,43.82697691814333,2.7220037992492507e-06,0.0019055936622081049,9,2.498001805406602e-16,2.984279490192421e-13,7.105427357601002e-15,225,0.0,1.1102230246251565e-16,9.509193432677421e-11,1.1102230246251565e-16,3.197442310920451e-13,0.0,4.440892098500626e-16,0.0
K2_B3_lambda1_rho0p25_muvm4_muc1_hvm1_hc1_cb10,2,3,1.0,0.25,4.0,1.0,2.0,1.0,1.0,10.0,144,1.2822023042289727,1.2822023042289694,0.0,True,1.2908739301135181,0.006763071518390314,1.2839632325391341,0.001373362303556529,0.008671625884548728,0.0017609283101647222,0.0,0.0,356,9.912071163853398e-12,9.189926597485965e-12,True,uniform_argmin_r_q_plus_n_for_r_ge_minimum,1.0,1,1.5,3/2,open_interval_representative,1.2822023042289694,2,4,4,"['1', '2']",3.0,3,1.2839632325391341,1.2908739301135181,0.0017609283101647222,0.008671625884548728,9,1.942890293094024e-16,5.040412531798211e-14,0.0,225,0.0,2.220446049250313e-16,1.6817658377021871e-12,6.314393452555578e-16,6.816769371198461e-14,3.3306690738754696e-16,6.661338147750939e-16,0.0
K2_B3_lambda2_rho0p5_muvm4_muc1_hvm1_hc1_cb10,2,3,2.0,0.5,4.0,1.0,2.0,1.0,1.0,10.0,144,3.1865439878989514,3.1865439878989554,0.0,True,3.2162716423323503,0.009329120999518919,3.196337694002123,0.003073457055783226,0.029727654433394868,0.009793706103167654,0.0,0.0,684,9.812595180846984e-12,9.462819416938828e-12,True,uniform_argmin_r_q_plus_n_for_r_ge_minimum,1.0,1,1.5,3/2,open_interval_representative,3.1865439878989554,2,4,4,"['1', '2']",3.0,3,3.196337694002123,3.2162716423323503,0.009793706103167654,0.029727654433394868,9,6.852157730108388e-17,1.1723955140041653e-13,0.0,225,0.0,0.0,1.7262191676081784e-11,1.5525775109992423e-16,1.0524914273446484e-13,2.220446049250313e-16,6.661338147750939e-16,0.0
K2_B3_lambda3_rho0p75_muvm4_muc1_hvm1_hc1_cb10,2,3,3.0,0.75,4.0,1.0,2.0,1.0,1.0,10.0,144,8.291760454939842,8.291760454939846,0.0,True,8.333607821984039,0.005046861552695466,8.306609296536564,0.0017907948109952448,0.04184736704419301,0.014848841596718287,0.0,0.0,828,9.755751761986176e-12,9.459655281318646e-12,True,uniform_argmin_r_q_plus_n_for_r_ge_minimum,1.0,1,1.5,3/2,open_interval_representative,8.291760454939846,2,4,4,"['1', '2']",3.0,3,8.306609296536564,8.333607821984039,0.014848841596718287,0.04184736704419301,9,2.2724877535296173e-16,1.1901590823981678e-13,0.0,225,0.0,0.0,6.338041202980094e-11,1.8431436932253575e-16,1.3322676295501878e-13,4.440892098500626e-16,0.0,0.0
K2_B3_lambda4_rho1_muvm4_muc1_hvm1_hc1_cb10,2,3,4.0,1.0,4.0,1.0,2.0,1.0,1.0,10.0,144,17.209983114533017,17.20998311453301,0.0,True,17.234855767260495,0.001445245620634796,17.21831163635658,0.00048393550232663673,0.024872652727484734,0.008328521823571577,0.0,0.0,662,9.976020010071807e-12,9.57811607804615e-12,True,uniform_argmin_r_q_plus_n_for_r_ge_minimum,1.0,1,1.5,3/2,open_interval_representative,17.20998311453301,2,4,4,"['1', '2']",3.0,3,17.21831163635658,17.234855767260495,0.008328521823571577,0.024872652727484734,9,1.6653345369377348e-16,2.1316282072803006e-13,0.0,225,0.0,2.220446049250313e-16,1.0652456694515422e-10,2.318566345860251e-16,1.8118839761882555e-13,0.0,4.440892098500626e-16,3.552713678800501e-15
K2_B3_lambda6_rho1p5_muvm4_muc1_hvm1_hc1_cb10,2,3,6.0,1.5,4.0,1.0,2.0,1.0,1.0,10.0,144,37.494456011984816,37.494456011984816,0.0,True,37.49889009725146,0.00011825975726192174,37.49569855069181,3.3139264818233025e-05,0.004434085266645127,0.0012425387069967542,0.0,0.0,364,9.748646334628575e-12,9.034106795979824e-12,True,uniform_argmin_r_q_plus_n_for_r_ge_minimum,1.0,1,1.5,3/2,open_interval_representative,37.494456011984816,2,4,4,"['1', '2']",3.0,3,37.49569855069181,37.49889009725146,0.0012425387069967542,0.004434085266645127,9,3.3306690738754696e-16,3.410605131648481e-13,7.105427357601002e-15,225,0.0,2.220446049250313e-16,1.3804424270347226e-10,1.6653345369377348e-16,2.5579538487363607e-13,4.440892098500626e-16,0.0,7.105427357601002e-15
K2_B4_lambda0p25_rho0p25_muvm0p5_muc1_hvm1_hc1_cb10,2,4,0.25,0.25,0.5,1.0,0.25,1.0,1.0,10.0,225,0.8018640840477091,0.8018640840477131,0.0,True,0.8146895244829377,0.015994531605016384,0.8018640840477131,0.0,0.0128254404352246,0.0,0.0,0.0,430,9.592326932761353e-12,8.958833674910238e-12,True,uniform_argmin_r_q_plus_n_for_r_ge_minimum,1.0,1,3.0,3,lexicographic_feeder_first,0.8018640840477131,2,4,4,"['1', '2']",3.0,3,0.8018640840477131,0.8146895244829377,0.0,0.0128254404352246,12,5.551115123125783e-17,1.2534417948018017e-13,1.1102230246251565e-16,369,0.0,2.220446049250313e-16,1.7197354651443675e-13,1.3400738851920835e-16,8.826273045769994e-14,1.942890293094024e-16,2.7755575615628914e-17,1.1102230246251565e-16
K2_B4_lambda0p5_rho0p5_muvm0p5_muc1_hvm1_hc1_cb10,2,4,0.5,0.5,0.5,1.0,0.25,1.0,1.0,10.0,225,1.9522796138097742,1.9522796138097747,0.0,True,2.0069346810855078,0.02799551195900518,1.9522796138097747,0.0,0.054655067275733105,0.0,0.0,0.0,780,9.990230864787009e-12,9.660550137624568e-12,True,uniform_argmin_r_q_plus_n_for_r_ge_minimum,1.0,1,3.0,3,lexicographic_feeder_first,1.9522796138097747,2,4,4,"['1', '2']",3.0,3,1.9522796138097747,2.0069346810855078,0.0,0.054655067275733105,12,4.998881405251501e-17,9.85878045867139e-14,2.220446049250313e-16,369,0.0,2.220446049250313e-16,2.885247596395857e-12,3.3306690738754696e-16,1.021405182655144e-13,4.440892098500626e-16,1.6653345369377348e-16,0.0
K2_B4_lambda0p75_rho0p75_muvm0p5_muc1_hvm1_hc1_cb10,2,4,0.75,0.75,0.5,1.0,0.25,1.0,1.0,10.0,225,4.03464569670953,4.034645696709525,0.0,True,4.12504581408194,0.02240596180381725,4.034645696709525,0.0,0.09040011737241471,0.0,0.0,0.0,1087,9.904965736495797e-12,9.64739399478276e-12,True,uniform_argmin_r_q_plus_n_for_r_ge_minimum,1.0,1,3.0,3,lexicographic_feeder_first,4.034645696709525,2,4,4,"['1', '2']",3.0,3,4.034645696709525,4.12504581408194,0.0,0.09040011737241471,12,7.901800958345917e-17,1.1191048088221578e-13,0.0,369,0.0,1.1102230246251565e-16,1.3455014880037197e-11,4.475586568020162e-16,2.0161650127192843e-13,1.1102230246251565e-16,2.220446049250313e-16,0.0
K2_B4_lambda1_rho1_muvm0p5_muc1_hvm1_hc1_cb10,2,4,1.0,1.0,0.5,1.0,0.25,1.0,1.0,10.0,225,7.1224680097146935,7.122468009714707,0.0,True,7.192882626584793,0.009886266498362278,7.122468009714707,0.0,0.0704146168700861,0.0,0.0,0.0,1063,9.976020010071807e-12,9.720446669803096e-12,True,uniform_argmin_r_q_plus_n_for_r_ge_minimum,1.0,1,3.0,3,lexicographic_feeder_first,7.122468009714707,2,4,4,"['1', '2']",3.0,3,7.122468009714707,7.192882626584793,0.0,0.0704146168700861,12,2.645453300864631e-16,1.616484723854228e-13,0.0,369,0.0,2.220446049250313e-16,2.9172220195050613e-11,2.0122792321330962e-16,1.794120407794253e-13,4.440892098500626e-16,5.551115123125783e-16,8.881784197001252e-16
K2_B4_lambda1p5_rho1p5_muvm0p5_muc1_hvm1_hc1_cb10,2,4,1.5,1.5,0.5,1.0,0.25,1.0,1.0,10.0,225,13.385654342676863,13.385654342676858,0.0,True,13.400049546591244,0.0010754202630561965,13.385654342676858,0.0,0.014395203914386201,0.0,0.0,0.0,650,9.777068044058979e-12,9.380052290453023e-12,True,uniform_argmin_r_q_plus_n_for_r_ge_minimum,1.0,1,3.0,3,lexicographic_feeder_first,13.385654342676858,2,4,4,"['1', '2']",3.0,3,13.385654342676858,13.400049546591244,0.0,0.014395203914386201,12,8.326672684688674e-17,1.580957587066223e-13,0.0,369,0.0,2.220446049250313e-16,4.6497916628140956e-11,1.434941575284565e-16,1.509903313490213e-13,1.1102230246251565e-16,0.0,1.7763568394002505e-15
K2_B4_lambda0p5_rho0p25_muvm1_muc1_hvm1_hc1_cb10,2,4,0.5,0.25,1.0,1.0,0.5,1.0,1.0,10.0,225,1.0588267639688418,1.0588267639688407,0.0,True,1.0796086510257656,0.019627277817408292,1.0588267639688407,0.0,0.020781887056924964,0.0,0.0,0.0,255,9.897860309138196e-12,8.85716500143019e-12,True,uniform_argmin_r_q_plus_n_for_r_ge_minimum,1.0,1,3.0,3,lexicographic_feeder_first,1.0588267639688407,2,4,4,"['1', '2']",3.0,3,1.0588267639688407,1.0796086510257656,0.0,0.020781887056924964,12,6.170102978177584e-17,6.52811138479592e-14,2.220446049250313e-16,369,0.0,2.220446049250313e-16,1.3633538742396922e-13,1.960237527853792e-16,9.325873406851315e-14,5.551115123125783e-17,4.440892098500626e-16,0.0
K2_B4_lambda1_rho0p5_muvm1_muc1_hvm1_hc1_cb10,2,4,1.0,0.5,1.0,1.0,0.5,1.0,1.0,10.0,225,2.6401469052218074,2.6401469052217954,0.0,True,2.7175412707796167,0.029314416332187836,2.6401469052217954,0.0,0.07739436555782131,0.0,0.0,0.0,565,9.535483513900544e-12,9.116374322104548e-12,True,uniform_argmin_r_q_plus_n_for_r_ge_minimum,1.0,1,3.0,3,lexicographic_feeder_first,2.6401469052217954,2,4,4,"['1', '2']",3.0,3,2.6401469052217954,2.7175412707796167,0.0,0.07739436555782131,12,2.706168622523819e-16,3.9124259387790516e-13,4.440892098500626e-16,369,0.0,1.1102230246251565e-16,3.715694418815474e-12,1.2663481374630692e-16,1.0791367799356522e-13,3.3306690738754696e-16,2.220446049250313e-16,0.0
K2_B4_lambda1p5_rho0p75_muvm1_muc1_hvm1_hc1_cb10,2,4,1.5,0.75,1.0,1.0,0.5,1.0,1.0,10.0,225,6.1346160429369325,6.134616042936938,0.0,True,6.23506516533617,0.016374149856516182,6.134616042936938,0.0,0.10044912239923232,0.0,0.0,0.0,811,9.819700608204585e-12,9.483747120953012e-12,True,uniform_argmin_r_q_plus_n_for_r_ge_minimum,1.0,1,3.0,3,lexicographic_feeder_first,6.134616042936938,2,4,4,"['1', '2']",3.0,3,6.134616042936938,6.23506516533617,0.0,0.10044912239923232,12,1.2576745200831851e-16,1.5898393712632242e-13,0.0,369,0.0,0.0,2.119993069982229e-11,1.2836953722228372e-16,1.865174681370263e-13,6.661338147750939e-16,4.440892098500626e-16,0.0
K2_B4_lambda2_rho1_muvm1_muc1_hvm1_hc1_cb10,2,4,2.0,1.0,1.0,1.0,0.5,1.0,1.0,10.0,225,11.601107533051296,11.6011075330513,0.0,True,11.649161819311063,0.004142215398216163,11.6011075330513,0.0,0.048054286259763046,0.0,0.0,0.0,698,9.976020010071807e-12,9.593881244995828e-12,True,uniform_argmin_r_q_plus_n_for_r_ge_minimum,1.0,1,3.0,3,lexicographic_feeder_first,11.6011075330513,2,4,4,"['1', '2']",3.0,3,11.6011075330513,11.649161819311063,0.0,0.048054286259763046,12,1.6555767173853653e-16,2.4513724383723456e-13,1.7763568394002505e-15,369,0.0,0.0,4.2811976186385436e-11,2.250803710079907e-16,2.2026824808563106e-13,2.220446049250313e-16,0.0,1.7763568394002505e-15
K2_B4_lambda3_rho1p5_muvm1_muc1_hvm1_hc1_cb10,2,4,3.0,1.5,1.0,1.0,0.5,1.0,1.0,10.0,225,22.623603935271998,22.62360393527201,0.0,True,22.62817499703572,0.00020204834635549382,22.62360393527201,0.0,0.004571061763712692,0.0,0.0,0.0,375,9.407585821463726e-12,8.735678846960582e-12,True,uniform_argmin_r_q_plus_n_for_r_ge_minimum,1.0,1,3.0,3,lexicographic_feeder_first,22.62360393527201,2,4,4,"['1', '2']",3.0,3,22.62360393527201,22.62817499703572,0.0,0.004571061763712692,12,1.8876976262509337e-16,2.2026824808563106e-13,0.0,369,0.0,0.0,5.8058446938957786e-11,1.942890293094024e-16,3.090860900556436e-13,6.661338147750939e-16,4.440892098500626e-16,3.552713678800501e-15
K2_B4_lambda1_rho0p25_muvm2_muc1_hvm1_hc1_cb10,2,4,1.0,0.25,2.0,1.0,1.0,1.0,1.0,10.0,225,1.60817477034901,1.6081747703490037,0.0,True,1.634565862450653,0.01641058707562958,1.6081747703490037,0.0,0.02639109210164925,0.0,0.0,0.0,343,9.64917035162216e-12,8.902212300654355e-12,True,uniform_argmin_r_q_plus_n_for_r_ge_minimum,1.0,1,3.0,3,lexicographic_feeder_first,1.6081747703490037,2,4,4,"['1', '2']",3.0,3,1.6081747703490037,1.634565862450653,0.0,0.02639109210164925,12,1.942890293094024e-16,3.6585623419682634e-11,2.220446049250313e-16,369,0.0,2.220446049250313e-16,5.371258993136507e-13,3.5388358909926865e-16,9.281464485866309e-14,1.5543122344752192e-15,4.440892098500626e-16,2.220446049250313e-16
K2_B4_lambda2_rho0p5_muvm2_muc1_hvm1_hc1_cb10,2,4,2.0,0.5,2.0,1.0,1.0,1.0,1.0,10.0,225,5.0819927549147765,5.081992754914763,0.0,True,5.154249337392514,0.0142181592856185,5.081998243131838,1.0799340585340586e-06,0.0722565824777508,5.488217074578472e-06,0.0,0.0,877,9.72022462519817e-12,9.439671266875393e-12,True,uniform_argmin_r_q_plus_n_for_r_ge_minimum,1.0,1,1.5,3/2,open_interval_representative,5.081992754914763,2,4,4,"['1', '2']",3.0,3,5.081998243131838,5.154249337392514,5.488217074578472e-06,0.0722565824777508,12,1.2923689896027213e-16,1.8207657603852567e-13,0.0,369,0.0,1.1102230246251565e-16,1.9836576825582597e-11,1.7564075194265172e-16,1.8562928971732617e-13,8.881784197001252e-16,4.440892098500626e-16,0.0
K2_B4_lambda3_rho0p75_muvm2_muc1_hvm1_hc1_cb10,2,4,3.0,0.75,2.0,1.0,1.0,1.0,1.0,10.0,225,14.440769622585883,14.440769622585881,0.0,True,14.472526857570346,0.002199137290771079,14.440780470108466,7.51173439282942e-07,0.03175723498446459,1.0847522585066827e-05,0.0,0.0,783,9.86233317235019e-12,9.540812584418745e-12,True,uniform_argmin_r_q_plus_n_for_r_ge_minimum,1.0,1,1.5,3/2,open_interval_representative,14.440769622585881,2,4,4,"['1', '2']",3.0,3,14.440780470108466,14.472526857570346,1.0847522585066827e-05,0.03175723498446459,12,2.220446049250313e-16,1.9895196601282805e-13,1.7763568394002505e-15,369,0.0,2.220446049250313e-16,6.643574579356937e-11,1.5265566588595902e-16,2.007283228522283e-13,8.881784197001252e-16,4.440892098500626e-16,1.7763568394002505e-15
K2_B4_lambda4_rho1_muvm2_muc1_hvm1_hc1_cb10,2,4,4.0,1.0,2.0,1.0,1.0,1.0,1.0,10.0,225,25.20711881493195,25.207118814931956,0.0,True,25.212824107171123,0.00022633654726911498,25.207121392277244,1.022467230122406e-07,0.005705292239166937,2.577345288301558e-06,0.0,0.0,483,9.819700608204585e-12,9.275247236928408e-12,True,uniform_argmin_r_q_plus_n_for_r_ge_minimum,1.0,1,1.5,3/2,open_interval_representative,25.207118814931956,2,4,4,"['1', '2']",3.0,3,25.207121392277244,25.212824107171123,2.577345288301558e-06,0.005705292239166937,12,1.13751442618569e-16,3.481659405224491e-13,0.0,369,0.0,1.1102230246251565e-16,8.712319754522468e-11,1.8092793159941306e-16,3.410605131648481e-13,8.881784197001252e-16,4.440892098500626e-16,3.552713678800501e-15
K2_B4_lambda6_rho1p5_muvm2_muc1_hvm1_hc1_cb10,2,4,6.0,1.5,2.0,1.0,1.0,1.0,1.0,10.0,225,45.80142779325469,45.80142779325469,0.0,True,45.8016997020617,5.936688442015079e-06,45.80142794927722,3.4064992626664798e-09,0.00027190880700800335,1.5602253000679411e-07,0.0,0.0,242,9.094947017729282e-12,8.057998712729386e-12,True,uniform_argmin_r_q_plus_n_for_r_ge_minimum,1.0,1,1.5,3/2,open_interval_representative,45.80142779325469,2,4,4,"['1', '2']",3.0,3,45.80142794927722,45.8016997020617,1.5602253000679411e-07,0.00027190880700800335,12,1.6653345369377348e-16,3.481659405224491e-13,0.0,369,0.0,0.0,9.537615142107825e-11,1.942890293094024e-16,3.055333763768431e-13,0.0,0.0,0.0
K2_B4_lambda1_rho0p25_muvm4_muc1_hvm1_hc1_cb10,2,4,1.0,0.25,4.0,1.0,2.0,1.0,1.0,10.0,225,1.2819446748105916,1.2819446748105907,0.0,True,1.2906175173723045,0.0067653797641417535,1.2837051061279603,0.0013732506183457558,0.008672842561713745,0.0017604313173695818,0.0,0.0,381,9.968914582714206e-12,9.27059817801279e-12,True,uniform_argmin_r_q_plus_n_for_r_ge_minimum,1.0,1,1.5,3/2,open_interval_representative,1.2819446748105907,2,4,4,"['1', '2']",3.0,3,1.2837051061279603,1.2906175173723045,0.0017604313173695818,0.008672842561713745,12,2.7755575615628914e-16,9.903189379656396e-14,2.220446049250313e-16,369,0.0,2.220446049250313e-16,5.000444502911705e-13,2.437286483747414e-16,9.747758156208874e-14,2.220446049250313e-16,5.551115123125783e-16,2.220446049250313e-16
K2_B4_lambda2_rho0p5_muvm4_muc1_hvm1_hc1_cb10,2,4,2.0,0.5,4.0,1.0,2.0,1.0,1.0,10.0,225,3.1421305250832394,3.1421305250832443,0.0,True,3.1711282362790914,0.009228678110080655,3.1516397196313264,0.0030263524930540723,0.028997711195847042,0.009509194548082078,0.0,0.0,889,9.897860309138196e-12,9.618861263049894e-12,True,uniform_argmin_r_q_plus_n_for_r_ge_minimum,1.0,1,1.5,3/2,open_interval_representative,3.1421305250832443,2,4,4,"['1', '2']",3.0,3,3.1516397196313264,3.1711282362790914,0.009509194548082078,0.028997711195847042,12,2.0469737016526324e-16,1.7408297026122455e-13,0.0,369,0.0,1.1102230246251565e-16,1.0437428699106022e-11,4.874572967494828e-16,1.829647544582258e-13,4.440892098500626e-16,0.0,8.881784197001252e-16
K2_B4_lambda3_rho0p75_muvm4_muc1_hvm1_hc1_cb10,2,4,3.0,0.75,4.0,1.0,2.0,1.0,1.0,10.0,225,8.528411899618252,8.528411899618257,0.0,True,8.566466877489944,0.004462141172308445,8.541835221135084,0.00157395323711242,0.038054977871686546,0.013423321516826903,0.0,0.0,1274,9.9333874459262e-12,9.733991390703522e-12,True,uniform_argmin_r_q_plus_n_for_r_ge_minimum,1.0,1,1.5,3/2,open_interval_representative,8.528411899618257,2,4,4,"['1', '2']",3.0,3,8.541835221135084,8.566466877489944,0.013423321516826903,0.038054977871686546,12,2.3266978621538925e-16,2.913225216616411e-13,0.0,369,0.0,0.0,6.217781844952697e-11,2.242130092700023e-16,3.6770586575585185e-13,0.0,0.0,0.0
K2_B4_lambda4_rho1_muvm4_muc1_hvm1_hc1_cb10,2,4,4.0,1.0,4.0,1.0,2.0,1.0,1.0,10.0,225,18.453282958764845,18.45328295876485,0.0,True,18.468797670289643,0.0008407561711087662,18.45838360322288,0.0002764085105850096,0.015514711524794222,0.005100644458032377,0.0,0.0,965,9.805489753489383e-12,9.541700762838445e-12,True,uniform_argmin_r_q_plus_n_for_r_ge_minimum,1.0,1,1.5,3/2,open_interval_representative,18.45328295876485,2,4,4,"['1', '2']",3.0,3,18.45838360322288,18.468797670289643,0.005100644458032377,0.015514711524794222,12,1.7175117664885997e-16,3.836930773104541e-13,3.552713678800501e-15,369,0.0,0.0,1.1145928624500812e-10,6.136584296267955e-17,3.588240815588506e-13,0.0,4.440892098500626e-16,0.0
K2_B4_lambda6_rho1p5_muvm4_muc1_hvm1_hc1_cb10,2,4,6.0,1.5,4.0,1.0,2.0,1.0,1.0,10.0,225,39.39905543103276,39.399055431032764,0.0,True,39.400225338862796,2.969380400724232e-05,39.3993711752343,8.014004348309063e-06,0.0011699078300324572,0.0003157442015364609,0.0,0.0,453,9.762857189343777e-12,9.176659432341694e-12,True,uniform_argmin_r_q_plus_n_for_r_ge_minimum,1.0,1,1.5,3/2,open_interval_representative,39.399055431032764,2,4,4,"['1', '2']",3.0,3,39.3993711752343,39.400225338862796,0.0003157442015364609,0.0011699078300324572,12,1.6653345369377348e-16,4.121147867408581e-13,7.105427357601002e-15,369,0.0,2.220446049250313e-16,1.4378542800841387e-10,2.220446049250313e-16,4.050093593832571e-13,8.881784197001252e-16,0.0,7.105427357601002e-15
K4_B1_lambda0p5_rho0p25_muvm1_muc1_hvm1_hc1_cb10,4,1,0.5,0.25,1.0,1.0,0.25,1.0,1.0,10.0,100,1.3076939453682443,1.3076939453682448,0.0,True,1.3076939453682448,0.0,1.3076939453682448,0.0,0.0,0.0,0.0,0.0,213,9.203304784932698e-12,8.121558980889176e-12,True,uniform_argmin_r_q_plus_n_for_r_ge_minimum,1.0,1,1.0,1,uniform_tie_jsq_endpoint,1.3076939453682448,1,3,1,['1'],5.0,5,1.3076939453682448,1.3076939453682448,0.0,0.0,5,6.938893903907228e-17,3.3084646133829665e-14,4.440892098500626e-16,125,0.0,2.220446049250313e-16,1.074007549561884e-11,1.8735013540549517e-16,6.17284001691587e-14,0.0,1.6653345369377348e-16,0.0
K4_B1_lambda1_rho0p5_muvm1_muc1_hvm1_hc1_cb10,4,1,1.0,0.5,1.0,1.0,0.25,1.0,1.0,10.0,100,3.60007959192004,3.60007959192004,0.0,True,3.60007959192004,0.0,3.60007959192004,0.0,0.0,0.0,0.0,0.0,221,8.885336910680053e-12,7.901457266257239e-12,True,uniform_argmin_r_q_plus_n_for_r_ge_minimum,1.0,1,1.0,1,uniform_tie_jsq_endpoint,3.60007959192004,1,3,1,['1'],5.0,5,3.60007959192004,3.60007959192004,0.0,0.0,5,4.336935744884106e-16,3.419486915845482e-14,1.3322676295501878e-15,125,0.0,2.220446049250313e-16,1.5437873202017727e-11,2.1510571102112408e-16,5.5067062021407764e-14,4.440892098500626e-16,3.3306690738754696e-16,1.3322676295501878e-15
K4_B1_lambda1p5_rho0p75_muvm1_muc1_hvm1_hc1_cb10,4,1,1.5,0.75,1.0,1.0,0.25,1.0,1.0,10.0,100,6.724711079440894,6.724711079440891,0.0,True,6.724711079440891,0.0,6.724711079440891,0.0,0.0,0.0,0.0,0.0,231,9.414691248821327e-12,8.416600749683312e-12,True,uniform_argmin_r_q_plus_n_for_r_ge_minimum,1.0,1,1.0,1,uniform_tie_jsq_endpoint,6.724711079440891,1,3,1,['1'],5.0,5,6.724711079440891,6.724711079440891,0.0,0.0,5,7.827770278755891e-17,4.884981308350689e-14,0.0,125,0.0,2.220446049250313e-16,1.9348966873167228e-11,9.540979117872439e-17,4.263256414560601e-14,2.220446049250313e-16,1.1102230246251565e-15,0.0
K4_B1_lambda2_rho1_muvm1_muc1_hvm1_hc1_cb10,4,1,2.0,1.0,1.0,1.0,0.25,1.0,1.0,10.0,100,10.40194075736854,10.40194075736854,0.0,True,10.40194075736854,0.0,10.40194075736854,0.0,0.0,0.0,0.0,0.0,242,9.620748642191757e-12,8.65618687839742e-12,True,uniform_argmin_r_q_plus_n_for_r_ge_minimum,1.0,1,1.0,1,uniform_tie_jsq_endpoint,10.40194075736854,1,3,1,['1'],5.0,5,10.40194075736854,10.40194075736854,0.0,0.0,5,2.6020852139652106e-16,6.217248937900877e-14,0.0,125,0.0,2.220446049250313e-16,2.2026824808563106e-11,1.214306433183765e-16,1.2612133559741778e-13,6.661338147750939e-16,4.440892098500626e-16,0.0
K4_B1_lambda3_rho1p5_muvm1_muc1_hvm1_hc1_cb10,4,1,3.0,1.5,1.0,1.0,0.25,1.0,1.0,10.0,100,18.714019456494853,18.714019456494857,0.0,True,18.714019456494857,0.0,18.714019456494857,0.0,0.0,0.0,0.0,0.0,265,9.50706180447014e-12,8.643086246706844e-12,True,uniform_argmin_r_q_plus_n_for_r_ge_minimum,1.0,1,1.0,1,uniform_tie_jsq_endpoint,18.714019456494857,1,3,1,['1'],5.0,5,18.714019456494857,18.714019456494857,0.0,0.0,5,1.3877787807814457e-16,9.947598300641403e-14,3.552713678800501e-15,125,0.0,2.220446049250313e-16,2.531663767513237e-11,9.71445146547012e-17,1.2079226507921703e-13,2.220446049250313e-16,0.0,0.0
K4_B1_lambda1_rho0p25_muvm2_muc1_hvm1_hc1_cb10,4,1,1.0,0.25,2.0,1.0,0.5,1.0,1.0,10.0,100,2.1539796507217157,2.1539796507217175,0.0,True,2.1539796507217175,0.0,2.1539796507217175,0.0,0.0,0.0,0.0,0.0,268,9.684697488410166e-12,8.809952767308005e-12,True,uniform_argmin_r_q_plus_n_for_r_ge_minimum,1.0,1,1.0,1,uniform_tie_jsq_endpoint,2.1539796507217175,1,3,1,['1'],5.0,5,2.1539796507217175,2.1539796507217175,0.0,0.0,5,2.983724378680108e-16,4.973799150320701e-14,4.440892098500626e-16,125,0.0,2.220446049250313e-16,1.3921752639589613e-11,2.185751579730777e-16,5.062616992290714e-14,1.1102230246251565e-16,2.220446049250313e-16,4.440892098500626e-16
K4_B1_lambda2_rho0p5_muvm2_muc1_hvm1_hc1_cb10,4,1,2.0,0.5,2.0,1.0,0.5,1.0,1.0,10.0,100,6.406511843555336,6.406511843555338,0.0,True,6.406511843555338,0.0,6.406511843555338,0.0,0.0,0.0,0.0,0.0,291,9.968914582714206e-12,9.143685808510327e-12,True,uniform_argmin_r_q_plus_n_for_r_ge_minimum,1.0,1,1.0,1,uniform_tie_jsq_endpoint,6.406511843555338,1,3,1,['1'],5.0,5,6.406511843555338,6.406511843555338,0.0,0.0,5,8.326672684688674e-17,7.283063041541027e-14,0.0,125,0.0,1.1102230246251565e-16,2.7554847292776685e-11,2.1510571102112408e-16,2.220446049250313e-13,0.0,6.661338147750939e-16,0.0
K4_B1_lambda3_rho0p75_muvm2_muc1_hvm1_hc1_cb10,4,1,3.0,0.75,2.0,1.0,0.5,1.0,1.0,10.0,100,12.455173043791524,12.455173043791524,0.0,True,12.455173043791524,0.0,12.455173043791524,0.0,0.0,0.0,0.0,0.0,314,9.43600753089413e-12,8.709477583579428e-12,True,uniform_argmin_r_q_plus_n_for_r_ge_minimum,1.0,1,1.0,1,uniform_tie_jsq_endpoint,12.455173043791524,1,3,1,['1'],5.0,5,12.455173043791524,12.455173043791524,0.0,0.0,5,4.579669976578771e-16,8.881784197001252e-14,1.7763568394002505e-15,125,0.0,2.220446049250313e-16,3.7127634300304635e-11,3.5735303605122226e-16,1.1191048088221578e-13,4.440892098500626e-16,8.881784197001252e-16,0.0
K4_B1_lambda4_rho1_muvm2_muc1_hvm1_hc1_cb10,4,1,4.0,1.0,2.0,1.0,0.5,1.0,1.0,10.0,100,19.720519197350786,19.72051919735079,0.0,True,19.72051919735079,0.0,19.72051919735079,0.0,0.0,0.0,0.0,0.0,334,9.72022462519817e-12,9.014788915351346e-12,True,uniform_argmin_r_q_plus_n_for_r_ge_minimum,1.0,1,1.0,1,uniform_tie_jsq_endpoint,19.72051919735079,1,3,1,['1'],5.0,5,19.72051919735079,19.72051919735079,0.0,0.0,5,2.636779683484747e-16,1.3677947663381929e-12,3.552713678800501e-15,125,0.0,1.1102230246251565e-16,4.8256509899147204e-11,5.065392549852277e-16,1.2434497875801753e-13,4.440892098500626e-16,1.7763568394002505e-15,3.552713678800501e-15
K4_B1_lambda6_rho1p5_muvm2_muc1_hvm1_hc1_cb10,4,1,6.0,1.5,2.0,1.0,0.5,1.0,1.0,10.0,100,36.38200480717903,36.38200480717902,0.0,True,36.38200480717902,0.0,36.38200480717902,0.0,0.0,0.0,0.0,0.0,371,9.478640095039736e-12,8.851586130731448e-12,True,uniform_argmin_r_q_plus_n_for_r_ge_minimum,1.0,1,1.0,1,uniform_tie_jsq_endpoint,36.38200480717902,1,3,1,['1'],5.0,5,36.38200480717902,36.38200480717902,0.0,0.0,5,1.249000902703301e-16,8.029132914089132e-13,7.105427357601002e-15,125,0.0,2.220446049250313e-16,6.334488489301293e-11,9.020562075079397e-17,3.552713678800501e-13,4.440892098500626e-16,4.440892098500626e-16,1.4210854715202004e-14
K4_B1_lambda2_rho0p25_muvm4_muc1_hvm1_hc1_cb10,4,1,2.0,0.25,4.0,1.0,1.0,1.0,1.0,10.0,100,3.8548535546152887,3.854853554615288,0.0,True,3.854853554615288,0.0,3.854853554615288,0.0,0.0,0.0,0.0,0.0,389,9.396927680427325e-12,8.814254881528427e-12,True,uniform_argmin_r_q_plus_n_for_r_ge_minimum,1.0,1,1.0,1,uniform_tie_jsq_endpoint,3.854853554615288,1,3,1,['1'],5.0,5,3.854853554615288,3.854853554615288,0.0,0.0,5,3.206256874582758e-16,5.551115123125783e-14,4.440892098500626e-16,125,0.0,2.220446049250313e-16,3.260813841166055e-11,1.5785983631388945e-16,4.085620730620576e-14,4.440892098500626e-16,6.661338147750939e-16,0.0
K4_B1_lambda4_rho0p5_muvm4_muc1_hvm1_hc1_cb10,4,1,4.0,0.5,4.0,1.0,1.0,1.0,1.0,10.0,100,12.34213869223723,12.34213869223723,0.0,True,12.34213869223723,0.0,12.34213869223723,0.0,0.0,0.0,0.0,0.0,428,9.951151014320203e-12,9.38082944657026e-12,True,uniform_argmin_r_q_plus_n_for_r_ge_minimum,1.0,1,1.0,1,uniform_tie_jsq_endpoint,12.34213869223723,1,3,1,['1'],5.0,5,12.34213869223723,12.34213869223723,0.0,0.0,5,2.8449465006019636e-16,3.5349501104064984e-13,1.7763568394002505e-15,125,0.0,2.220446049250313e-16,7.485390085548715e-11,1.457167719820518e-16,9.752199048307375e-13,8.881784197001252e-16,8.881784197001252e-16,1.7763568394002505e-15
K4_B1_lambda6_rho0p75_muvm4_muc1_hvm1_hc1_cb10,4,1,6.0,0.75,4.0,1.0,1.0,1.0,1.0,10.0,100,25.341378284416233,25.341378284416233,0.0,True,25.341378284416233,0.0,25.341378284416233,0.0,0.0,0.0,0.0,0.0,440,9.727330052555772e-12,9.179323967600794e-12,True,uniform_argmin_r_q_plus_n_for_r_ge_minimum,1.0,1,1.0,1,uniform_tie_jsq_endpoint,25.341378284416233,1,3,1,['1'],5.0,5,25.341378284416233,25.341378284416233,0.0,0.0,5,2.1510571102112408e-16,4.156675004196586e-13,3.552713678800501e-15,125,0.0,1.1102230246251565e-16,1.0932765803772782e-10,3.469446951953614e-16,2.0250467969162855e-13,4.440892098500626e-16,8.881784197001252e-16,3.552713678800501e-15
K4_B1_lambda8_rho1_muvm4_muc1_hvm1_hc1_cb10,4,1,8.0,1.0,4.0,1.0,1.0,1.0,1.0,10.0,100,41.33057269524885,41.33057269524884,0.0,True,41.33057269524884,0.0,41.33057269524884,0.0,0.0,0.0,0.0,0.0,440,9.620748642191757e-12,9.055423078052627e-12,True,uniform_argmin_r_q_plus_n_for_r_ge_minimum,1.0,1,1.0,1,uniform_tie_jsq_endpoint,41.33057269524884,1,3,1,['1'],5.0,5,41.33057269524884,41.33057269524884,0.0,0.0,5,4.0245584642661925e-16,2.0605739337042905e-13,7.105427357601002e-15,125,0.0,2.220446049250313e-16,1.360831447527744e-10,3.469446951953614e-16,3.126388037344441e-13,1.7763568394002505e-15,8.881784197001252e-16,7.105427357601002e-15
K4_B1_lambda12_rho1p5_muvm4_muc1_hvm1_hc1_cb10,4,1,12.0,1.5,4.0,1.0,1.0,1.0,1.0,10.0,100,77.49295612624853,77.49295612624852,0.0,True,77.49295612624852,0.0,77.49295612624852,0.0,0.0,0.0,0.0,0.0,450,9.620748642191757e-12,9.071410289607229e-12,True,uniform_argmin_r_q_plus_n_for_r_ge_minimum,1.0,1,1.0,1,uniform_tie_jsq_endpoint,77.49295612624852,1,3,1,['1'],5.0,5,77.49295612624852,77.49295612624852,0.0,0.0,5,1.3877787807814457e-16,5.542233338928781e-13,1.4210854715202004e-14,125,0.0,2.220446049250313e-16,1.780762204361963e-10,1.942890293094024e-16,4.405364961712621e-13,8.881784197001252e-16,8.881784197001252e-16,0.0
K4_B1_lambda2_rho0p25_muvm8_muc1_hvm1_hc1_cb10,4,1,2.0,0.25,8.0,1.0,2.0,1.0,1.0,10.0,100,2.6890395611220397,2.68903956112204,0.0,True,2.68903956112204,0.0,2.68903956112204,0.0,0.0,0.0,0.0,0.0,579,9.823253321883385e-12,9.41594024972403e-12,True,uniform_argmin_r_q_plus_n_for_r_ge_minimum,1.0,1,1.0,1,uniform_tie_jsq_endpoint,2.68903956112204,1,3,1,['1'],5.0,5,2.68903956112204,2.68903956112204,0.0,0.0,5,1.8596777763557615e-16,5.861977570020827e-14,4.440892098500626e-16,125,0.0,2.220446049250313e-16,4.828359934094806e-11,1.0061396160665481e-16,6.927791673660977e-14,2.220446049250313e-16,4.440892098500626e-16,0.0
K4_B1_lambda4_rho0p5_muvm8_muc1_hvm1_hc1_cb10,4,1,4.0,0.5,8.0,1.0,2.0,1.0,1.0,10.0,100,7.710295533472299,7.710295533472301,0.0,True,7.710295533472301,0.0,7.710295533472301,0.0,0.0,0.0,0.0,0.0,621,9.901413022816996e-12,9.512834964198191e-12,True,uniform_argmin_r_q_plus_n_for_r_ge_minimum,1.0,1,1.0,1,uniform_tie_jsq_endpoint,7.710295533472301,1,3,1,['1'],5.0,5,7.710295533472301,7.710295533472301,0.0,0.0,5,1.5081252219273367e-16,1.3322676295501878e-13,8.881784197001252e-16,125,0.0,1.1102230246251565e-16,1.1164846824840424e-10,1.2750217548429532e-16,1.0391687510491465e-13,0.0,4.440892098500626e-16,8.881784197001252e-16
K4_B1_lambda6_rho0p75_muvm8_muc1_hvm1_hc1_cb10,4,1,6.0,0.75,8.0,1.0,2.0,1.0,1.0,10.0,100,17.20067040644464,17.200670406444637,0.0,True,17.200670406444637,0.0,17.200670406444637,0.0,0.0,0.0,0.0,0.0,597,9.990230864787009e-12,9.576561765811675e-12,True,uniform_argmin_r_q_plus_n_for_r_ge_minimum,1.0,1,1.0,1,uniform_tie_jsq_endpoint,17.200670406444637,1,3,1,['1'],5.0,5,17.200670406444637,17.200670406444637,0.0,0.0,5,1.3877787807814457e-16,1.5631940186722204e-13,0.0,125,0.0,2.220446049250313e-16,1.7789147932489868e-10,1.0408340855860843e-16,1.3855583347321954e-13,1.7763568394002505e-15,8.881784197001252e-16,3.552713678800501e-15
K4_B1_lambda8_rho1_muvm8_muc1_hvm1_hc1_cb10,4,1,8.0,1.0,8.0,1.0,2.0,1.0,1.0,10.0,100,31.09946436189697,31.099464361896974,0.0,True,31.099464361896974,0.0,31.099464361896974,0.0,0.0,0.0,0.0,0.0,534,9.698908343125368e-12,9.22506515621535e-12,True,uniform_argmin_r_q_plus_n_for_r_ge_minimum,1.0,1,1.0,1,uniform_tie_jsq_endpoint,31.099464361896974,1,3,1,['1'],5.0,5,31.099464361896974,31.099464361896974,0.0,0.0,5,3.3306690738754696e-16,2.7711166694643907e-13,3.552713678800501e-15,125,0.0,2.220446049250313e-16,2.1962520690976817e-10,2.220446049250313e-16,1.4210854715202004e-13,8.881784197001252e-16,0.0,3.552713678800501e-15
K4_B1_lambda12_rho1p5_muvm8_muc1_hvm1_hc1_cb10,4,1,12.0,1.5,8.0,1.0,2.0,1.0,1.0,10.0,100,65.76738444903148,65.76738444903144,0.0,True,65.76738444903144,0.0,65.76738444903144,0.0,0.0,0.0,0.0,0.0,434,9.755751761986176e-12,9.158895863947691e-12,True,uniform_argmin_r_q_plus_n_for_r_ge_minimum,1.0,1,1.0,1,uniform_tie_jsq_endpoint,65.76738444903144,1,3,1,['1'],5.0,5,65.76738444903144,65.76738444903144,0.0,0.0,5,3.3306690738754696e-16,4.405364961712621e-13,1.4210854715202004e-14,125,0.0,1.1102230246251565e-16,2.7995383788947947e-10,5.551115123125783e-16,4.831690603168681e-13,2.6645352591003757e-15,0.0,0.0
K4_B2_lambda0p5_rho0p25_muvm1_muc1_hvm1_hc1_cb10,4,2,0.5,0.25,1.0,1.0,0.25,1.0,1.0,10.0,225,1.0643040281066105,1.0643040281066147,0.0,True,1.0861436907539213,0.0205201352908185,1.0643040281066147,0.0,0.021839662647306524,0.0,0.0,0.0,306,9.485745522397337e-12,8.69523897328861e-12,True,uniform_argmin_r_q_plus_n_for_r_ge_minimum,1.0,1,5.0,5,lexicographic_feeder_first,1.0643040281066147,4,8,8,"['1', '2', '3', '4']",5.0,5,1.0643040281066147,1.0861436907539213,0.0,0.021839662647306524,10,1.942890293094024e-16,9.414691248821327e-14,2.220446049250313e-16,325,0.0,2.220446049250313e-16,4.488853733164433e-12,2.5355414907429183e-16,7.749356711883593e-14,8.881784197001252e-16,1.1657341758564144e-15,0.0
K4_B2_lambda1_rho0p5_muvm1_muc1_hvm1_hc1_cb10,4,2,1.0,0.5,1.0,1.0,0.25,1.0,1.0,10.0,225,2.6195531236391933,2.619553123639192,0.0,True,2.7061294024771545,0.03305001836255405,2.619553123639192,0.0,0.08657627883796248,0.0,0.0,0.0,350,9.656275778979762e-12,8.96022145369102e-12,True,uniform_argmin_r_q_plus_n_for_r_ge_minimum,1.0,1,5.0,5,lexicographic_feeder_first,2.619553123639192,4,8,8,"['1', '2', '3', '4']",5.0,5,2.619553123639192,2.7061294024771545,0.0,0.08657627883796248,10,3.122502256758253e-16,1.0746958878371515e-13,4.440892098500626e-16,325,0.0,2.220446049250313e-16,1.7211121416949027e-11,2.0816681711721685e-16,9.681144774731365e-14,1.1102230246251565e-16,4.440892098500626e-16,4.440892098500626e-16
K4_B2_lambda1p5_rho0p75_muvm1_muc1_hvm1_hc1_cb10,4,2,1.5,0.75,1.0,1.0,0.25,1.0,1.0,10.0,225,5.1289131153447105,5.1289131153447105,0.0,True,5.27752860205556,0.028976019552021882,5.1289131153447105,0.0,0.1486154867108498,0.0,0.0,0.0,345,9.407585821463726e-12,8.720357769220755e-12,True,uniform_argmin_r_q_plus_n_for_r_ge_minimum,1.0,1,5.0,5,lexicographic_feeder_first,5.1289131153447105,4,8,8,"['1', '2', '3', '4']",5.0,5,5.1289131153447105,5.27752860205556,0.0,0.1486154867108498,10,1.8908485888147197e-16,8.881784197001252e-14,0.0,325,0.0,2.220446049250313e-16,3.161382267080626e-11,1.216474837528736e-16,1.1102230246251565e-13,4.440892098500626e-16,2.220446049250313e-16,8.881784197001252e-16
K4_B2_lambda2_rho1_muvm1_muc1_hvm1_hc1_cb10,4,2,2.0,1.0,1.0,1.0,0.25,1.0,1.0,10.0,225,8.565337630073303,8.565337630073305,0.0,True,8.737692030091631,0.020122312448394762,8.565337630073305,0.0,0.17235440001832636,0.0,0.0,0.0,317,9.379164112033322e-12,8.630318681923654e-12,True,uniform_argmin_r_q_plus_n_for_r_ge_minimum,1.0,1,5.0,5,lexicographic_feeder_first,8.565337630073305,4,8,8,"['1', '2', '3', '4']",5.0,5,8.565337630073305,8.737692030091631,0.0,0.17235440001832636,10,1.5742615544489524e-16,1.2789769243681803e-13,0.0,325,0.0,2.220446049250313e-16,4.376943252282217e-11,1.0755285551056204e-16,1.8829382497642655e-13,0.0,2.220446049250313e-16,0.0
K4_B2_lambda3_rho1p5_muvm1_muc1_hvm1_hc1_cb10,4,2,3.0,1.5,1.0,1.0,0.25,1.0,1.0,10.0,225,17.09154591464989,17.09154591464989,0.0,True,17.233699990323753,0.008317215796847188,17.09154591464989,0.0,0.14215407567386507,0.0,0.0,0.0,280,9.684697488410166e-12,8.824940778140444e-12,True,uniform_argmin_r_q_plus_n_for_r_ge_minimum,1.0,1,5.0,5,lexicographic_feeder_first,17.09154591464989,4,8,8,"['1', '2', '3', '4']",5.0,5,17.09154591464989,17.233699990323753,0.0,0.14215407567386507,10,1.1827121042511796e-16,1.8829382497642655e-13,0.0,325,0.0,2.220446049250313e-16,4.924061158817494e-11,5.273559366969494e-16,2.7000623958883807e-13,2.220446049250313e-16,2.220446049250313e-16,3.552713678800501e-15
K4_B2_lambda1_rho0p25_muvm2_muc1_hvm1_hc1_cb10,4,2,1.0,0.25,2.0,1.0,0.5,1.0,1.0,10.0,225,1.5873934308878406,1.5873934308878412,0.0,True,1.6238451738166129,0.02296326935685035,1.5873934308878412,0.0,0.036451742928771624,0.0,0.0,0.0,279,9.301004411099711e-12,8.460260270126696e-12,True,uniform_argmin_r_q_plus_n_for_r_ge_minimum,1.0,1,5.0,5,lexicographic_feeder_first,1.5873934308878412,4,8,8,"['1', '2', '3', '4']",5.0,5,1.5873934308878412,1.6238451738166129,0.0,0.036451742928771624,10,4.0245584642661925e-16,2.7133850721838826e-13,0.0,325,0.0,1.1102230246251565e-16,7.838618643063455e-12,1.942890293094024e-16,1.0857981180834031e-13,0.0,3.3306690738754696e-16,2.220446049250313e-16
K4_B2_lambda2_rho0p5_muvm2_muc1_hvm1_hc1_cb10,4,2,2.0,0.5,2.0,1.0,0.5,1.0,1.0,10.0,225,4.069579328519079,4.06957932851908,0.0,True,4.227726203841101,0.0388607427342059,4.06957932851908,0.0,0.15814687532202054,0.0,0.0,0.0,318,9.325873406851315e-12,8.592127009876549e-12,True,uniform_argmin_r_q_plus_n_for_r_ge_minimum,1.0,1,5.0,5,lexicographic_feeder_first,4.06957932851908,4,8,8,"['1', '2', '3', '4']",5.0,5,4.06957932851908,4.227726203841101,0.0,0.15814687532202054,10,2.701831813833877e-16,1.8030021919912542e-13,0.0,325,0.0,1.1102230246251565e-16,2.148592415096573e-11,2.8319360745321376e-16,5.568878691519785e-13,0.0,2.220446049250313e-16,8.881784197001252e-16
K4_B2_lambda3_rho0p75_muvm2_muc1_hvm1_hc1_cb10,4,2,3.0,0.75,2.0,1.0,0.5,1.0,1.0,10.0,225,8.61613656127354,8.616136561273535,0.0,True,8.887936799250594,0.03154548863567216,8.616136561273535,0.0,0.2718002379770592,0.0,0.0,0.0,350,9.35784782996052e-12,8.687162100784462e-12,True,uniform_argmin_r_q_plus_n_for_r_ge_minimum,1.0,1,5.0,5,lexicographic_feeder_first,8.616136561273535,4,8,8,"['1', '2', '3', '4']",5.0,5,8.616136561273535,8.887936799250594,0.0,0.2718002379770592,10,2.0773313624822265e-16,1.0693668173189508e-12,0.0,325,0.0,2.220446049250313e-16,4.156319732828706e-11,1.4620466295967027e-16,8.402167850363185e-13,8.881784197001252e-16,1.3322676295501878e-15,0.0
K4_B2_lambda4_rho1_muvm2_muc1_hvm1_hc1_cb10,4,2,4.0,1.0,2.0,1.0,0.5,1.0,1.0,10.0,225,15.345285608450718,15.345285608450721,0.0,True,15.631842209883338,0.018673917758481613,15.345285608450721,0.0,0.28655660143261663,0.0,0.0,0.0,359,9.57811607804615e-12,8.90065798841988e-12,True,uniform_argmin_r_q_plus_n_for_r_ge_minimum,1.0,1,5.0,5,lexicographic_feeder_first,15.345285608450721,4,8,8,"['1', '2', '3', '4']",5.0,5,15.345285608450721,15.631842209883338,0.0,0.28655660143261663,10,2.3245294578089215e-16,1.0338396805309458e-12,1.7763568394002505e-15,325,0.0,1.1102230246251565e-16,6.190248313941993e-11,1.1796119636642288e-16,1.6324719354088302e-12,8.881784197001252e-16,4.440892098500626e-16,1.7763568394002505e-15
K4_B2_lambda6_rho1p5_muvm2_muc1_hvm1_hc1_cb10,4,2,6.0,1.5,2.0,1.0,0.5,1.0,1.0,10.0,225,32.625939503983766,32.62593950398376,0.0,True,32.80663237545841,0.00553831933184895,32.62593950398376,0.0,0.18069287147465474,0.0,0.0,0.0,362,9.961809155356605e-12,9.269474077200357e-12,True,uniform_argmin_r_q_plus_n_for_r_ge_minimum,1.0,1,5.0,5,lexicographic_feeder_first,32.62593950398376,4,8,8,"['1', '2', '3', '4']",5.0,5,32.62593950398376,32.80663237545841,0.0,0.18069287147465474,10,1.3877787807814457e-16,3.979039320256561e-13,0.0,325,0.0,2.220446049250313e-16,8.834177833705326e-11,3.608224830031759e-16,9.876544027065393e-13,0.0,4.440892098500626e-16,0.0
K4_B2_lambda2_rho0p25_muvm4_muc1_hvm1_hc1_cb10,4,2,2.0,0.25,4.0,1.0,1.0,1.0,1.0,10.0,225,2.641595671760652,2.641616168984921,7.759410150509084e-06,False,2.6970916423021802,0.02100850297976883,2.641628718311019,1.2510071363350752e-05,0.055475473317259105,1.254932609784376e-05,0.0,0.0,403,9.450218385609332e-12,8.871542389599085e-12,True,uniform_argmin_r_q_plus_n_for_r_ge_minimum,1.0,1,3.5,7/2,open_interval_representative,2.641616168984921,4,8,8,"['1', '2', '3', '4']",5.0,5,2.641628718311019,2.6970916423021802,1.254932609784376e-05,0.055475473317259105,10,2.882622526095835e-16,8.970602038971265e-14,4.440892098500626e-16,325,0.0,2.220446049250313e-16,2.2152946144160524e-11,1.717376241217039e-16,1.1146639167236572e-13,2.220446049250313e-16,2.220446049250313e-16,0.0
K4_B2_lambda4_rho0p5_muvm4_muc1_hvm1_hc1_cb10,4,2,4.0,0.5,4.0,1.0,1.0,1.0,1.0,10.0,225,7.629927540809672,7.631724306187383,0.00023548917969415593,False,7.847103558964178,0.028463706502179893,7.632347466515373,0.00031716234430246714,0.2153792527767946,0.0006231603279900355,0.0,0.0,493,9.904965736495797e-12,9.4020347063406e-12,True,uniform_argmin_r_q_plus_n_for_r_ge_minimum,1.0,1,3.5,7/2,open_interval_representative,7.631724306187383,4,8,8,"['1', '2', '3', '4']",5.0,5,7.632347466515373,7.847103558964178,0.0006231603279900355,0.2153792527767946,10,1.637416330996233e-16,3.9968028886505635e-13,0.0,325,0.0,1.1102230246251565e-16,6.73514577442802e-11,3.408189529208183e-16,2.9665159217984183e-13,4.440892098500626e-16,0.0,8.881784197001252e-16
K4_B2_lambda6_rho0p75_muvm4_muc1_hvm1_hc1_cb10,4,2,6.0,0.75,4.0,1.0,1.0,1.0,1.0,10.0,225,19.25569495857461,19.26126707699691,0.000289375087956277,False,19.490474810201412,0.012192748801426801,19.2624617374868,0.00035141701853631395,0.22920773320450394,0.0011946604898902535,0.0,0.0,480,9.521272659185342e-12,9.013345625419333e-12,True,uniform_argmin_r_q_plus_n_for_r_ge_minimum,1.0,1,3.5,7/2,open_interval_representative,19.26126707699691,4,8,8,"['1', '2', '3', '4']",5.0,5,19.2624617374868,19.490474810201412,0.0011946604898902535,0.22920773320450394,10,3.157196726277789e-16,2.7355895326763857e-13,0.0,325,0.0,1.1102230246251565e-16,1.197832943944377e-10,2.3245294578089215e-16,2.2737367544323206e-13,8.881784197001252e-16,8.881784197001252e-16,0.0
K4_B2_lambda8_rho1_muvm4_muc1_hvm1_hc1_cb10,4,2,8.0,1.0,4.0,1.0,1.0,1.0,1.0,10.0,225,36.11294524331622,36.11789353232309,0.0001370225821662846,False,36.263567153352994,0.004170856434498455,36.11872228193473,0.00015997140580995434,0.145673621029907,0.0008287496116423654,0.0,0.0,418,9.514167231827741e-12,8.916867244579407e-12,True,uniform_argmin_r_q_plus_n_for_r_ge_minimum,1.0,1,3.5,7/2,open_interval_representative,36.11789353232309,4,8,8,"['1', '2', '3', '4']",5.0,5,36.11872228193473,36.263567153352994,0.0008287496116423654,0.145673621029907,10,1.1796119636642288e-16,2.8421709430404007e-13,0.0,325,0.0,2.220446049250313e-16,1.5627676930307643e-10,1.249000902703301e-16,3.197442310920451e-13,0.0,0.0,0.0
K4_B2_lambda12_rho1p5_muvm4_muc1_hvm1_hc1_cb10,4,2,12.0,1.5,4.0,1.0,1.0,1.0,1.0,10.0,225,74.57623260099248,74.57817310738272,2.6020440059281043e-05,False,74.62782769039634,0.0006918436022360077,74.57841520174004,2.9266706984747276e-05,0.04965458301361991,0.00024209435731847861,0.0,0.0,380,9.563905223330949e-12,8.915534976949857e-12,True,uniform_argmin_r_q_plus_n_for_r_ge_minimum,1.0,1,3.5,7/2,open_interval_representative,74.57817310738272,4,8,8,"['1', '2', '3', '4']",5.0,5,74.57841520174004,74.62782769039634,0.00024209435731847861,0.04965458301361991,10,3.3306690738754696e-16,5.258016244624741e-13,1.4210854715202004e-14,325,0.0,2.220446049250313e-16,1.9606716250564205e-10,1.6653345369377348e-16,6.536993168992922e-13,0.0,8.881784197001252e-16,2.842170943040401e-14
K4_B2_lambda2_rho0p25_muvm8_muc1_hvm1_hc1_cb10,4,2,2.0,0.25,8.0,1.0,2.0,1.0,1.0,10.0,225,2.26609644046987,2.266390864222198,0.00012992551732135646,False,2.2815540833772467,0.006821264369565673,2.266439610594231,0.00015143668126041786,0.01516321915504859,4.874637203267085e-05,0.0,0.0,591,9.976020010071807e-12,9.563044800486864e-12,True,uniform_argmin_r_q_plus_n_for_r_ge_minimum,1.0,1,3.5,7/2,open_interval_representative,2.266390864222198,4,8,8,"['1', '2', '3', '4']",5.0,5,2.266439610594231,2.2815540833772467,4.874637203267085e-05,0.01516321915504859,10,4.0354004859910475e-16,1.5765166949677223e-13,4.440892098500626e-16,325,0.0,2.220446049250313e-16,3.29758442774164e-11,8.326672684688674e-17,1.0480505352461478e-13,0.0,4.440892098500626e-16,4.440892098500626e-16
K4_B2_lambda4_rho0p5_muvm8_muc1_hvm1_hc1_cb10,4,2,4.0,0.5,8.0,1.0,2.0,1.0,1.0,10.0,225,5.114155125239896,5.123242661483772,0.0017769379342887565,False,5.183162439170956,0.013493394752632351,5.1250627919453065,0.0021328384529397267,0.05991977768718382,0.0018201304615343972,0.0,0.0,715,9.805489753489383e-12,9.464679040505075e-12,True,uniform_argmin_r_q_plus_n_for_r_ge_minimum,1.0,1,2.5,5/2,open_interval_representative,5.123242661483772,4,8,8,"['1', '2', '3', '4']",5.0,5,5.1250627919453065,5.183162439170956,0.0018201304615343972,0.05991977768718382,10,2.330492569757592e-16,1.687538997430238e-13,1.7763568394002505e-15,325,0.0,2.220446049250313e-16,7.938449897437749e-11,3.2276698674893467e-16,2.1227464230832993e-13,4.440892098500626e-16,0.0,0.0
K4_B2_lambda6_rho0p75_muvm8_muc1_hvm1_hc1_cb10,4,2,6.0,0.75,8.0,1.0,2.0,1.0,1.0,10.0,225,12.21565236337803,12.242898580793454,0.00223043490473805,False,12.334744597631556,0.009749150574271278,12.253488678063984,0.0030973634121568253,0.09184601683810101,0.010590097270529952,0.0,0.0,755,9.919176591210999e-12,9.580558568700326e-12,True,uniform_argmin_r_q_plus_n_for_r_ge_minimum,1.0,1,2.5,5/2,open_interval_representative,12.242898580793454,4,8,8,"['1', '2', '3', '4']",5.0,5,12.253488678063984,12.334744597631556,0.010590097270529952,0.09184601683810101,10,1.0408340855860843e-16,2.5224267119483557e-13,1.7763568394002505e-15,325,0.0,1.1102230246251565e-16,1.6343193465218064e-10,1.942890293094024e-16,2.1671553440683056e-13,8.881784197001252e-16,0.0,0.0
K4_B2_lambda8_rho1_muvm8_muc1_hvm1_hc1_cb10,4,2,8.0,1.0,8.0,1.0,2.0,1.0,1.0,10.0,225,26.11152045240879,26.140623179442386,0.001114555051921966,False,26.212430090177552,0.003864563840802806,26.152301904483146,0.001561818360929403,0.07180691073516599,0.01167872504075973,0.0,0.0,631,9.890754881780595e-12,9.492628905150013e-12,True,uniform_argmin_r_q_plus_n_for_r_ge_minimum,1.0,1,2.5,5/2,open_interval_representative,26.140623179442386,4,8,8,"['1', '2', '3', '4']",5.0,5,26.152301904483146,26.212430090177552,0.01167872504075973,0.07180691073516599,10,4.996003610813204e-16,4.014566457044566e-13,0.0,325,0.0,2.220446049250313e-16,2.3134560933613102e-10,1.4181364416110398e-16,3.019806626980426e-13,0.0,8.881784197001252e-16,0.0
K4_B2_lambda12_rho1p5_muvm8_muc1_hvm1_hc1_cb10,4,2,12.0,1.5,8.0,1.0,2.0,1.0,1.0,10.0,225,63.06584940397525,63.07463207043408,0.00013926184364170552,False,63.10457839742189,0.0006141040485882725,63.08319528212086,0.00027504391536061005,0.029946326987811744,0.0085632116867842,0.0,0.0,404,9.407585821463726e-12,8.765432824020536e-12,True,uniform_argmin_r_q_plus_n_for_r_ge_minimum,1.0,1,1.5,3/2,open_interval_representative,63.07463207043408,4,8,8,"['1', '2', '3', '4']",5.0,5,63.08319528212086,63.10457839742189,0.0085632116867842,0.029946326987811744,10,4.440892098500626e-16,7.176481631177012e-13,0.0,325,0.0,2.220446049250313e-16,2.8208546609675977e-10,2.220446049250313e-16,6.039613253960852e-13,1.7763568394002505e-15,8.881784197001252e-16,0.0
K4_B3_lambda0p5_rho0p25_muvm1_muc1_hvm1_hc1_cb10,4,3,0.5,0.25,1.0,1.0,0.25,1.0,1.0,10.0,400,1.0511762130512834,1.0511762130512863,0.0,True,1.0744025583868613,0.022095577361057297,1.0511762130512863,0.0,0.023226345335574994,0.0,0.0,0.0,373,9.706013770482969e-12,9.039519133224871e-12,True,uniform_argmin_r_q_plus_n_for_r_ge_minimum,1.0,1,5.0,5,lexicographic_feeder_first,1.0511762130512863,5,10,10,"['1', '3/2', '2', '3', '4']",5.0,5,1.0511762130512863,1.0744025583868613,0.0,0.023226345335574994,15,1.3877787807814457e-16,1.0436096431476471e-13,2.220446049250313e-16,625,0.0,2.220446049250313e-16,1.3173906410202108e-12,2.498001805406602e-16,8.992806499463768e-14,3.885780586188048e-16,3.885780586188048e-16,2.220446049250313e-16
K4_B3_lambda1_rho0p5_muvm1_muc1_hvm1_hc1_cb10,4,3,1.0,0.5,1.0,1.0,0.25,1.0,1.0,10.0,400,2.4527556844836385,2.452755684483636,0.0,True,2.5544131416400266,0.041446222222409984,2.452755684483636,0.0,0.10165745715639085,0.0,0.0,0.0,539,9.833911462919787e-12,9.370282327836321e-12,True,uniform_argmin_r_q_plus_n_for_r_ge_minimum,1.0,1,5.0,5,lexicographic_feeder_first,2.452755684483636,5,10,10,"['1', '3/2', '2', '3', '4']",5.0,5,2.452755684483636,2.5544131416400266,0.0,0.10165745715639085,15,2.42861286636753e-16,2.682298827494378e-13,0.0,625,0.0,2.220446049250313e-16,1.006927874414032e-11,1.8041124150158794e-16,1.6697754290362354e-13,5.551115123125783e-16,7.771561172376096e-16,0.0
K4_B3_lambda1p5_rho0p75_muvm1_muc1_hvm1_hc1_cb10,4,3,1.5,0.75,1.0,1.0,0.25,1.0,1.0,10.0,400,4.789783712126242,4.789783712126233,0.0,True,4.984851882892537,0.040725882939649766,4.789783712126233,0.0,0.19506817076630334,0.0,0.0,0.0,620,9.961809155356605e-12,9.547029833356646e-12,True,uniform_argmin_r_q_plus_n_for_r_ge_minimum,1.0,1,5.0,5,lexicographic_feeder_first,4.789783712126233,5,10,10,"['1', '3/2', '2', '3', '4']",5.0,5,4.789783712126233,4.984851882892537,0.0,0.19506817076630334,15,1.0755285551056204e-16,3.135269821541442e-13,8.881784197001252e-16,625,0.0,2.220446049250313e-16,2.90798496394018e-11,2.177733354093831e-16,3.304023721284466e-13,1.5543122344752192e-15,1.3322676295501878e-15,8.881784197001252e-16
K4_B3_lambda2_rho1_muvm1_muc1_hvm1_hc1_cb10,4,3,2.0,1.0,1.0,1.0,0.25,1.0,1.0,10.0,400,8.359903383916429,8.359903383916416,0.0,True,8.5843281950171,0.026845383348860413,8.359903383916416,0.0,0.22442481110068435,0.0,0.0,0.0,592,9.912071163853398e-12,9.464318218022072e-12,True,uniform_argmin_r_q_plus_n_for_r_ge_minimum,1.0,1,5.0,5,lexicographic_feeder_first,8.359903383916416,5,10,10,"['1', '3/2', '2', '3', '4']",5.0,5,8.359903383916416,8.5843281950171,0.0,0.22442481110068435,15,3.664603343001005e-16,2.291500322826323e-13,0.0,625,0.0,2.220446049250313e-16,5.020517335196928e-11,1.0204332970514644e-16,3.0730973321624333e-13,4.440892098500626e-16,6.661338147750939e-16,3.552713678800501e-15
K4_B3_lambda3_rho1p5_muvm1_muc1_hvm1_hc1_cb10,4,3,3.0,1.5,1.0,1.0,0.25,1.0,1.0,10.0,400,17.631263159528856,17.631263159528853,0.0,True,17.76838626122109,0.0077772704344285055,17.631263159528853,0.0,0.13712310169223585,0.0,0.0,0.0,434,9.919176591210999e-12,9.354739205491569e-12,True,uniform_argmin_r_q_plus_n_for_r_ge_minimum,1.0,1,5.0,5,lexicographic_feeder_first,17.631263159528853,5,10,10,"['1', '3/2', '2', '3', '4']",5.0,5,17.631263159528853,17.76838626122109,0.0,0.13712310169223585,15,8.326672684688674e-17,3.126388037344441e-13,3.552713678800501e-15,625,0.0,2.220446049250313e-16,7.877432040004351e-11,1.4354836763708079e-16,3.481659405224491e-13,2.220446049250313e-16,2.220446049250313e-16,0.0
K4_B3_lambda1_rho0p25_muvm2_muc1_hvm1_hc1_cb10,4,3,1.0,0.25,2.0,1.0,0.5,1.0,1.0,10.0,400,1.5528690776766432,1.5528690776766414,0.0,True,1.5901088767500753,0.023981287031067163,1.5528690776766414,0.0,0.03723979907343389,0.0,0.0,0.0,294,9.460876526645734e-12,8.608974644275236e-12,True,uniform_argmin_r_q_plus_n_for_r_ge_minimum,1.0,1,5.0,5,lexicographic_feeder_first,1.5528690776766414,5,10,10,"['1', '3/2', '2', '3', '4']",5.0,5,1.5528690776766414,1.5901088767500753,0.0,0.03723979907343389,15,7.632783294297951e-17,2.287969813608015e-11,0.0,625,0.0,1.1102230246251565e-16,2.6207924719301445e-12,1.457167719820518e-16,1.0502709812953981e-13,4.440892098500626e-16,3.3306690738754696e-16,2.220446049250313e-16
K4_B3_lambda2_rho0p5_muvm2_muc1_hvm1_hc1_cb10,4,3,2.0,0.5,2.0,1.0,0.5,1.0,1.0,10.0,400,3.584956367820581,3.5849563678205865,0.0,True,3.7492127674152167,0.04581824232758869,3.5849563678205865,0.0,0.16425639959463023,0.0,0.0,0.0,411,9.940492873283802e-12,9.309830684145481e-12,True,uniform_argmin_r_q_plus_n_for_r_ge_minimum,1.0,1,5.0,5,lexicographic_feeder_first,3.5849563678205865,5,10,10,"['1', '3/2', '2', '3', '4']",5.0,5,3.5849563678205865,3.7492127674152167,0.0,0.16425639959463023,15,2.649790109554573e-16,2.227995565817764e-12,0.0,625,0.0,1.1102230246251565e-16,1.1620482354146588e-11,1.5742615544489524e-16,1.0795808691455022e-12,4.440892098500626e-16,0.0,4.440892098500626e-16
K4_B3_lambda3_rho0p75_muvm2_muc1_hvm1_hc1_cb10,4,3,3.0,0.75,2.0,1.0,0.5,1.0,1.0,10.0,400,7.475675184345838,7.4756751843458344,0.0,True,7.793025572988467,0.04245106706978994,7.4756751843458344,0.0,0.317350388642633,0.0,0.0,0.0,513,9.876544027065393e-12,9.387490784718011e-12,True,uniform_argmin_r_q_plus_n_for_r_ge_minimum,1.0,1,5.0,5,lexicographic_feeder_first,7.4756751843458344,5,10,10,"['1', '3/2', '2', '3', '4']",5.0,5,7.4756751843458344,7.793025572988467,0.0,0.317350388642633,15,9.367506770274758e-17,1.8909318555415666e-12,0.0,625,0.0,2.220446049250313e-16,3.76090270037821e-11,2.7137580377312176e-16,2.049915792667889e-12,8.881784197001252e-16,4.440892098500626e-16,8.881784197001252e-16
K4_B3_lambda4_rho1_muvm2_muc1_hvm1_hc1_cb10,4,3,4.0,1.0,2.0,1.0,0.5,1.0,1.0,10.0,400,14.301618384136624,14.301719258399945,7.053346034806108e-06,False,14.616963150272646,0.02204958611438008,14.301719258399945,7.053346034806108e-06,0.31524389187270074,0.0,0.0,0.0,506,9.769962616701378e-12,9.268807943385582e-12,True,uniform_argmin_r_q_plus_n_for_r_ge_minimum,1.0,1,5.0,5,lexicographic_feeder_first,14.301719258399945,5,10,10,"['1', '3/2', '2', '3', '4']",5.0,5,14.301719258399945,14.616963150272646,0.0,0.31524389187270074,15,1.5846970003591254e-16,1.0089706847793423e-12,0.0,625,0.0,2.220446049250313e-16,6.903100313593313e-11,2.3485174308751633e-16,8.704148513061227e-13,0.0,8.881784197001252e-16,1.7763568394002505e-15
K4_B3_lambda6_rho1p5_muvm2_muc1_hvm1_hc1_cb10,4,3,6.0,1.5,2.0,1.0,0.5,1.0,1.0,10.0,400,32.859949991401336,32.860476292081,1.6016478412306384e-05,False,32.98273401784327,0.003736585919152763,32.860476292081,1.6016478412306384e-05,0.12225772576226746,0.0,0.0,0.0,389,9.592326932761353e-12,8.928413564035509e-12,True,uniform_argmin_r_q_plus_n_for_r_ge_minimum,1.0,1,5.0,5,lexicographic_feeder_first,32.860476292081,5,10,10,"['1', '3/2', '2', '3', '4']",5.0,5,32.860476292081,32.98273401784327,0.0,0.12225772576226746,15,1.2836953722228372e-16,6.892264536872972e-13,7.105427357601002e-15,625,0.0,2.220446049250313e-16,1.0135892125617829e-10,2.0816681711721685e-16,5.613287612504791e-13,8.881784197001252e-16,0.0,7.105427357601002e-15
K4_B3_lambda2_rho0p25_muvm4_muc1_hvm1_hc1_cb10,4,3,2.0,0.25,4.0,1.0,1.0,1.0,1.0,10.0,400,2.5619237657755933,2.5620309092600237,4.182149596398313e-05,False,2.613274771227063,0.020043924076688494,2.562082914732832,6.212087938158594e-05,0.05124386196703945,5.20054728081476e-05,0.0,0.0,416,9.904965736495797e-12,9.297035363786676e-12,True,uniform_argmin_r_q_plus_n_for_r_ge_minimum,1.0,1,3.5,7/2,open_interval_representative,2.5620309092600237,5,10,10,"['1', '3/2', '2', '3', '4']",5.0,5,2.562082914732832,2.613274771227063,5.20054728081476e-05,0.05124386196703945,15,4.083918533209774e-16,1.234568003383174e-13,4.440892098500626e-16,625,0.0,2.220446049250313e-16,1.2320811038080137e-11,1.6306400674181987e-16,2.2071233729548112e-13,2.220446049250313e-16,4.440892098500626e-16,4.440892098500626e-16
K4_B3_lambda4_rho0p5_muvm4_muc1_hvm1_hc1_cb10,4,3,4.0,0.5,4.0,1.0,1.0,1.0,1.0,10.0,400,6.477492029585668,6.482419662178287,0.0007607315563047989,False,6.674633429995447,0.030434834888154925,6.4838036511812795,0.0009743927999885671,0.1922137678171607,0.0013839890029929691,0.0,0.0,640,9.727330052555772e-12,9.345413332084718e-12,True,uniform_argmin_r_q_plus_n_for_r_ge_minimum,1.0,1,3.5,7/2,open_interval_representative,6.482419662178287,5,10,10,"['1', '3/2', '2', '3', '4']",5.0,5,6.4838036511812795,6.674633429995447,0.0013839890029929691,0.1922137678171607,15,1.231653667943533e-16,1.0960121699099545e-12,0.0,625,0.0,2.220446049250313e-16,4.509193018975566e-11,2.0599841277224584e-16,8.979483823168266e-13,4.440892098500626e-16,1.3322676295501878e-15,8.881784197001252e-16
K4_B3_lambda6_rho0p75_muvm4_muc1_hvm1_hc1_cb10,4,3,6.0,0.75,4.0,1.0,1.0,1.0,1.0,10.0,400,17.76387416669101,17.773961759307348,0.0005678712043148822,False,17.98394796811189,0.01238884037095583,17.77866566608956,0.0008326730565499933,0.2099862088045441,0.00470390678221122,0.0,0.0,662,9.904965736495797e-12,9.514056209525279e-12,True,uniform_argmin_r_q_plus_n_for_r_ge_minimum,1.0,1,2.5,5/2,open_interval_representative,17.773961759307348,5,10,10,"['1', '3/2', '2', '3', '4']",5.0,5,17.77866566608956,17.98394796811189,0.00470390678221122,0.2099862088045441,15,1.0757318430129614e-16,3.090860900556436e-13,0.0,625,0.0,1.1102230246251565e-16,1.2245138236721687e-10,8.673617379884035e-17,4.583000645652646e-13,0.0,8.881784197001252e-16,3.552713678800501e-15
K4_B3_lambda8_rho1_muvm4_muc1_hvm1_hc1_cb10,4,3,8.0,1.0,4.0,1.0,1.0,1.0,1.0,10.0,400,35.851141466727334,35.85548627580871,0.00012119025792822654,False,35.95328358258803,0.0028490617503905695,35.860189691016146,0.0002523831576522864,0.09779730677932008,0.004703415207437445,0.0,0.0,498,9.833911462919787e-12,9.319212068703564e-12,True,uniform_argmin_r_q_plus_n_for_r_ge_minimum,1.0,1,2.5,5/2,open_interval_representative,35.85548627580871,5,10,10,"['1', '3/2', '2', '3', '4']",5.0,5,35.860189691016146,35.95328358258803,0.004703415207437445,0.09779730677932008,15,2.636779683484747e-16,4.689582056016661e-13,7.105427357601002e-15,625,0.0,2.220446049250313e-16,1.7193002577187144e-10,2.636779683484747e-16,4.831690603168681e-13,1.7763568394002505e-15,0.0,7.105427357601002e-15
K4_B3_lambda12_rho1p5_muvm4_muc1_hvm1_hc1_cb10,4,3,12.0,1.5,4.0,1.0,1.0,1.0,1.0,10.0,400,75.74423874784475,75.74486140711521,8.220549585757635e-06,False,75.76118763151038,0.00022376465782510032,75.7461160989555,2.4785398094757843e-05,0.016326224395172062,0.0012546918402875917,0.0,0.0,364,9.336531547887716e-12,8.633538328695067e-12,True,uniform_argmin_r_q_plus_n_for_r_ge_minimum,1.0,1,2.5,5/2,open_interval_representative,75.74486140711521,5,10,10,"['1', '3/2', '2', '3', '4']",5.0,5,75.7461160989555,75.76118763151038,0.0012546918402875917,0.016326224395172062,15,1.6653345369377348e-16,1.0373923942097463e-12,1.4210854715202004e-14,625,0.0,2.220446049250313e-16,1.9677770524140215e-10,2.498001805406602e-16,6.963318810448982e-13,0.0,0.0,0.0
K4_B3_lambda2_rho0p25_muvm8_muc1_hvm1_hc1_cb10,4,3,2.0,0.25,8.0,1.0,2.0,1.0,1.0,10.0,400,2.2587648987402784,2.259084762679729,0.00014161010720007712,False,2.273958367401739,0.0067264497823275975,2.2591393439447796,0.00016577431529503969,0.01487360472201038,5.458126505075711e-05,0.0,0.0,603,9.656275778979762e-12,9.258260824651643e-12,True,uniform_argmin_r_q_plus_n_for_r_ge_minimum,1.0,1,3.5,7/2,open_interval_representative,2.259084762679729,5,10,10,"['1', '3/2', '2', '3', '4']",5.0,5,2.2591393439447796,2.273958367401739,5.458126505075711e-05,0.01487360472201038,15,3.281337875027379e-16,2.7977620220553945e-13,0.0,625,0.0,2.220446049250313e-16,2.0232704400768853e-11,3.1051550219984847e-16,2.8421709430404007e-13,2.220446049250313e-16,0.0,0.0
K4_B3_lambda4_rho0p5_muvm8_muc1_hvm1_hc1_cb10,4,3,4.0,0.5,8.0,1.0,2.0,1.0,1.0,10.0,400,4.804220596355023,4.811486819654517,0.0015124666225790938,False,4.858486408440344,0.011295445535222179,4.814267116344255,0.0020911862367132853,0.046999588785826774,0.0027802966897381154,0.0,0.0,825,9.919176591210999e-12,9.624273600294941e-12,True,uniform_argmin_r_q_plus_n_for_r_ge_minimum,1.0,1,2.5,5/2,open_interval_representative,4.811486819654517,5,10,10,"['1', '3/2', '2', '3', '4']",5.0,5,4.814267116344255,4.858486408440344,0.0027802966897381154,0.046999588785826774,15,2.1946962476537824e-16,2.6290081223123707e-13,8.881784197001252e-16,625,0.0,1.1102230246251565e-16,4.652189744547286e-11,2.9284300678833475e-16,2.824407374646398e-13,8.881784197001252e-16,1.7763568394002505e-15,0.0
K4_B3_lambda6_rho0p75_muvm8_muc1_hvm1_hc1_cb10,4,3,6.0,0.75,8.0,1.0,2.0,1.0,1.0,10.0,400,10.903382902727252,10.927329541839622,0.002196257741840916,False,11.003177281604893,0.009152607018201659,10.942489897858913,0.003586684562080191,0.07584773976527082,0.015160356019290333,0.0,0.0,1064,9.947598300641403e-12,9.715284132738589e-12,True,uniform_argmin_r_q_plus_n_for_r_ge_minimum,1.0,1,1.75,7/4,open_interval_representative,10.927329541839622,5,10,10,"['1', '3/2', '2', '3', '4']",5.0,5,10.942489897858913,11.003177281604893,0.015160356019290333,0.07584773976527082,15,8.326672684688674e-17,5.275779813018744e-13,1.7763568394002505e-15,625,0.0,1.1102230246251565e-16,1.3735679260662437e-10,4.0245584642661925e-16,3.836930773104541e-13,1.7763568394002505e-15,1.7763568394002505e-15,3.552713678800501e-15
K4_B3_lambda8_rho1_muvm8_muc1_hvm1_hc1_cb10,4,3,8.0,1.0,8.0,1.0,2.0,1.0,1.0,10.0,400,25.22589482017254,25.24048495397478,0.0005783792371388772,False,25.305005029685926,0.0031360714883391133,25.265075787211686,0.0015532042497779619,0.06452007571114748,0.024590833236906917,0.0,0.0,898,9.848122317634989e-12,9.549028234800971e-12,True,uniform_argmin_r_q_plus_n_for_r_ge_minimum,1.0,1,1.75,7/4,open_interval_representative,25.24048495397478,5,10,10,"['1', '3/2', '2', '3', '4']",5.0,5,25.265075787211686,25.305005029685926,0.024590833236906917,0.06452007571114748,15,3.0531133177191805e-16,5.684341886080801e-13,3.552713678800501e-15,625,0.0,2.220446049250313e-16,2.2780710651204572e-10,2.498001805406602e-16,9.308109838457312e-13,0.0,1.7763568394002505e-15,0.0
K4_B3_lambda12_rho1p5_muvm8_muc1_hvm1_hc1_cb10,4,3,12.0,1.5,8.0,1.0,2.0,1.0,1.0,10.0,400,63.961268535702125,63.96323111072873,3.0683803988464404e-05,False,63.97856384129748,0.00027040279205376046,63.970998609336874,0.00015212446309313012,0.015332730568751174,0.007767498608146184,0.0,0.0,485,9.9333874459262e-12,9.397815858847025e-12,True,uniform_argmin_r_q_plus_n_for_r_ge_minimum,1.0,1,1.75,7/4,open_interval_representative,63.96323111072873,5,10,10,"['1', '3/2', '2', '3', '4']",5.0,5,63.970998609336874,63.97856384129748,0.007767498608146184,0.015332730568751174,15,1.1102230246251565e-16,1.7692514120426495e-12,0.0,625,0.0,2.220446049250313e-16,3.070468324040121e-10,2.7755575615628914e-16,9.947598300641403e-13,0.0,8.881784197001252e-16,7.105427357601002e-15
K4_B4_lambda0p5_rho0p25_muvm1_muc1_hvm1_hc1_cb10,4,4,0.5,0.25,1.0,1.0,0.25,1.0,1.0,10.0,625,1.050540047097879,1.0505400470978774,0.0,True,1.0738721631553585,0.022209639815192764,1.0505400470978774,0.0,0.02333211605748109,0.0,0.0,0.0,415,9.684697488410166e-12,9.05997499245359e-12,True,uniform_argmin_r_q_plus_n_for_r_ge_minimum,1.0,1,5.0,5,lexicographic_feeder_first,1.0505400470978774,6,12,12,"['1', '4/3', '3/2', '2', '3', '4']",5.0,5,1.0505400470978774,1.0738721631553585,0.0,0.02333211605748109,20,1.3877787807814457e-16,2.036149027162537e-13,2.220446049250313e-16,1025,0.0,2.220446049250313e-16,3.7259084706420253e-13,3.469446951953614e-16,1.7319479184152442e-13,2.7755575615628914e-16,1.6653345369377348e-16,0.0
K4_B4_lambda1_rho0p5_muvm1_muc1_hvm1_hc1_cb10,4,4,1.0,0.5,1.0,1.0,0.25,1.0,1.0,10.0,625,2.4284172649113467,2.4284172649113427,0.0,True,2.533133644254804,0.043121246441673686,2.4284172649113427,0.0,0.10471637934346134,0.0,0.0,0.0,707,9.976020010071807e-12,9.609646411945505e-12,True,uniform_argmin_r_q_plus_n_for_r_ge_minimum,1.0,1,5.0,5,lexicographic_feeder_first,2.4284172649113427,6,12,12,"['1', '4/3', '3/2', '2', '3', '4']",5.0,5,2.4284172649113427,2.533133644254804,0.0,0.10471637934346134,20,4.933221528762716e-16,1.319833131674386e-12,4.440892098500626e-16,1025,0.0,2.220446049250313e-16,5.465405905624721e-12,5.082739784612045e-16,2.402522625288839e-13,7.771561172376096e-16,5.551115123125783e-16,4.440892098500626e-16
K4_B4_lambda1p5_rho0p75_muvm1_muc1_hvm1_hc1_cb10,4,4,1.5,0.75,1.0,1.0,0.25,1.0,1.0,10.0,625,4.788201590570667,4.788201590570682,0.0,True,4.998786417220551,0.04397994166840969,4.788201590570682,0.0,0.21058482664986933,0.0,0.0,0.0,960,9.990230864787009e-12,9.702350034501706e-12,True,uniform_argmin_r_q_plus_n_for_r_ge_minimum,1.0,1,5.0,5,lexicographic_feeder_first,4.788201590570682,6,12,12,"['1', '4/3', '3/2', '2', '3', '4']",5.0,5,4.788201590570682,4.998786417220551,0.0,0.21058482664986933,20,5.568462357885551e-16,5.613287612504791e-13,0.0,1025,0.0,2.220446049250313e-16,2.389022313309397e-11,4.902762223979451e-16,6.217248937900877e-13,1.3322676295501878e-15,0.0,8.881784197001252e-16
K4_B4_lambda2_rho1_muvm1_muc1_hvm1_hc1_cb10,4,4,2.0,1.0,1.0,1.0,0.25,1.0,1.0,10.0,625,8.731955478750573,8.731955478750592,0.0,True,8.960704728197983,0.026196795208596482,8.731955478750592,0.0,0.22874924944739128,0.0,0.0,0.0,972,9.947598300641403e-12,9.639400389005459e-12,True,uniform_argmin_r_q_plus_n_for_r_ge_minimum,1.0,1,5.0,5,lexicographic_feeder_first,8.731955478750592,6,12,12,"['1', '4/3', '3/2', '2', '3', '4']",5.0,5,8.731955478750592,8.960704728197983,0.0,0.22874924944739128,20,2.1423834928313568e-16,3.304023721284466e-13,0.0,1025,0.0,2.220446049250313e-16,5.1455728566907055e-11,2.26706674266719e-16,4.4586556668946287e-13,1.3322676295501878e-15,1.3322676295501878e-15,1.7763568394002505e-15
K4_B4_lambda3_rho1p5_muvm1_muc1_hvm1_hc1_cb10,4,4,3.0,1.5,1.0,1.0,0.25,1.0,1.0,10.0,625,18.975295243344238,18.97529524334421,0.0,True,19.06438918320725,0.004695259742757516,18.97529524334421,0.0,0.08909393986304082,0.0,0.0,0.0,650,9.876544027065393e-12,9.459544259016184e-12,True,uniform_argmin_r_q_plus_n_for_r_ge_minimum,1.0,1,5.0,5,lexicographic_feeder_first,18.97529524334421,6,12,12,"['1', '4/3', '3/2', '2', '3', '4']",5.0,5,18.97529524334421,19.06438918320725,0.0,0.08909393986304082,20,4.3377912481608327e-16,5.684341886080801e-13,0.0,1025,0.0,2.220446049250313e-16,8.828138220451365e-11,1.962202644291422e-16,5.222489107836736e-13,2.220446049250313e-16,6.661338147750939e-16,3.552713678800501e-15
K4_B4_lambda1_rho0p25_muvm2_muc1_hvm1_hc1_cb10,4,4,1.0,0.25,2.0,1.0,0.5,1.0,1.0,10.0,625,1.5508872129661084,1.5508872129661093,0.0,True,1.5882434927900286,0.024087038381389085,1.5508872129661093,0.0,0.037356279823919314,0.0,0.0,0.0,310,9.485745522397337e-12,8.633399550816989e-12,True,uniform_argmin_r_q_plus_n_for_r_ge_minimum,1.0,1,5.0,5,lexicographic_feeder_first,1.5508872129661093,6,12,12,"['1', '4/3', '3/2', '2', '3', '4']",5.0,5,1.5508872129661093,1.5882434927900286,0.0,0.037356279823919314,20,3.191891195797325e-16,5.897680122046722e-10,0.0,1025,0.0,1.1102230246251565e-16,7.338574192772285e-13,6.522560269672795e-16,2.0872192862952943e-13,9.992007221626409e-16,1.1102230246251565e-16,0.0
K4_B4_lambda2_rho0p5_muvm2_muc1_hvm1_hc1_cb10,4,4,2.0,0.5,2.0,1.0,0.5,1.0,1.0,10.0,625,3.4823526643581144,3.4823569280258946,1.2243641558212905e-06,False,3.6419829898489393,0.04583979305848071,3.4823569280258946,1.2243641558212905e-06,0.15962606182304473,0.0,0.0,0.0,532,9.528378086542943e-12,9.05514552229647e-12,True,uniform_argmin_r_q_plus_n_for_r_ge_minimum,1.0,1,5.0,5,lexicographic_feeder_first,3.4823569280258946,6,12,12,"['1', '4/3', '3/2', '2', '3', '4']",5.0,5,3.4823569280258946,3.6419829898489393,0.0,0.15962606182304473,20,2.220446049250313e-16,1.4358292332872225e-11,0.0,1025,0.0,1.1102230246251565e-16,6.008082920061497e-12,2.0816681711721685e-16,1.8316015371055983e-11,0.0,0.0,4.440892098500626e-16
K4_B4_lambda3_rho0p75_muvm2_muc1_hvm1_hc1_cb10,4,4,3.0,0.75,2.0,1.0,0.5,1.0,1.0,10.0,625,7.144322894821113,7.144413446217454,1.2674594594096057e-05,False,7.454993723839635,0.04348499271270705,7.144413446217454,1.2674594594096057e-05,0.3105802776221811,0.0,0.0,0.0,786,9.976020010071807e-12,9.657386002004387e-12,True,uniform_argmin_r_q_plus_n_for_r_ge_minimum,1.0,1,5.0,5,lexicographic_feeder_first,7.144413446217454,6,12,12,"['1', '4/3', '3/2', '2', '3', '4']",5.0,5,7.144413446217454,7.454993723839635,0.0,0.3105802776221811,20,5.672545766444159e-16,2.3021584638627246e-12,8.881784197001252e-16,1025,0.0,2.220446049250313e-16,3.381916968692167e-11,3.9080067307240007e-16,3.1592506388733455e-12,8.881784197001252e-16,4.440892098500626e-16,8.881784197001252e-16
K4_B4_lambda4_rho1_muvm2_muc1_hvm1_hc1_cb10,4,4,4.0,1.0,2.0,1.0,0.5,1.0,1.0,10.0,625,14.42706305268864,14.427481911249476,2.9032836365014428e-05,False,14.699956289822653,0.018915370102521107,14.427481911249476,2.9032836365014428e-05,0.27247437857317713,0.0,0.0,0.0,791,9.890754881780595e-12,9.574785408972275e-12,True,uniform_argmin_r_q_plus_n_for_r_ge_minimum,1.0,1,5.0,5,lexicographic_feeder_first,14.427481911249476,6,12,12,"['1', '4/3', '3/2', '2', '3', '4']",5.0,5,14.427481911249476,14.699956289822653,0.0,0.27247437857317713,20,4.858445460179106e-16,9.912071163853398e-13,1.7763568394002505e-15,1025,0.0,2.220446049250313e-16,7.745981633888732e-11,3.008118927561032e-16,1.2185807918285718e-12,8.881784197001252e-16,8.881784197001252e-16,0.0
K4_B4_lambda6_rho1p5_muvm2_muc1_hvm1_hc1_cb10,4,4,6.0,1.5,2.0,1.0,0.5,1.0,1.0,10.0,625,34.289481267084994,34.28978078478786,8.734973286144468e-06,False,34.344737129445875,0.0016114522681310224,34.28991031400621,1.2512493784037218e-05,0.054956344658016576,0.00012952921834852305,0.0,0.0,486,9.634959496906959e-12,9.122480548739986e-12,True,uniform_argmin_r_q_plus_n_for_r_ge_minimum,1.0,1,3.5,7/2,open_interval_representative,34.28978078478786,6,12,12,"['1', '4/3', '3/2', '2', '3', '4']",5.0,5,34.28991031400621,34.344737129445875,0.00012952921834852305,0.054956344658016576,20,1.3877787807814457e-16,6.252776074688882e-13,7.105427357601002e-15,1025,0.0,2.220446049250313e-16,1.2362733059489983e-10,6.522560269672795e-16,6.323830348264892e-13,4.440892098500626e-16,2.220446049250313e-15,1.4210854715202004e-14
K4_B4_lambda2_rho0p25_muvm4_muc1_hvm1_hc1_cb10,4,4,2.0,0.25,4.0,1.0,1.0,1.0,1.0,10.0,625,2.556820349271747,2.5569346725470643,4.471306533120019e-05,False,2.6079163497554183,0.01998419658159584,2.556990918169324,6.671133450006018e-05,0.050981677208354004,5.6245622259698536e-05,0.0,0.0,429,9.691802915767767e-12,9.108713783234634e-12,True,uniform_argmin_r_q_plus_n_for_r_ge_minimum,1.0,1,3.5,7/2,open_interval_representative,2.5569346725470643,6,12,12,"['1', '4/3', '3/2', '2', '3', '4']",5.0,5,2.556990918169324,2.6079163497554183,5.6245622259698536e-05,0.050981677208354004,20,3.2959746043559335e-16,2.6290081223123707e-13,4.440892098500626e-16,1025,0.0,2.220446049250313e-16,5.9605653746075404e-12,2.498001805406602e-16,3.0020430585864233e-13,4.440892098500626e-16,6.661338147750939e-16,0.0
K4_B4_lambda4_rho0p5_muvm4_muc1_hvm1_hc1_cb10,4,4,4.0,0.5,4.0,1.0,1.0,1.0,1.0,10.0,625,6.1422413408368906,6.147132667995555,0.000796342391521514,False,6.318032347002303,0.02862000960409358,6.148579877082129,0.0010319581881449156,0.17089967900674807,0.0014472090865744747,0.0,0.0,836,9.983125437429408e-12,9.687917135181578e-12,True,uniform_argmin_r_q_plus_n_for_r_ge_minimum,1.0,1,3.5,7/2,open_interval_representative,6.147132667995555,6,12,12,"['1', '4/3', '3/2', '2', '3', '4']",5.0,5,6.148579877082129,6.318032347002303,0.0014472090865744747,0.17089967900674807,20,3.000258461810512e-16,2.453148795211746e-12,8.881784197001252e-16,1025,0.0,2.220446049250313e-16,3.029843043123037e-11,7.979727989493313e-17,1.2967404927621828e-12,0.0,4.440892098500626e-16,8.881784197001252e-16
K4_B4_lambda6_rho0p75_muvm4_muc1_hvm1_hc1_cb10,4,4,6.0,0.75,4.0,1.0,1.0,1.0,1.0,10.0,625,17.65614876891537,17.663649796104217,0.0004248393739213399,False,17.834219671451596,0.01008548947263804,17.670120251932193,0.0007913097697399371,0.170569875347379,0.006470455827976451,0.0,0.0,973,9.976020010071807e-12,9.707235015810056e-12,True,uniform_argmin_r_q_plus_n_for_r_ge_minimum,1.0,1,2.5,5/2,open_interval_representative,17.663649796104217,6,12,12,"['1', '4/3', '3/2', '2', '3', '4']",5.0,5,17.670120251932193,17.834219671451596,0.006470455827976451,0.170569875347379,20,3.7757510063397143e-16,5.577760475716786e-13,0.0,1025,0.0,2.220446049250313e-16,1.2458656328817597e-10,3.2158452875456767e-16,5.719869022868806e-13,8.881784197001252e-16,8.881784197001252e-16,3.552713678800501e-15
K4_B4_lambda8_rho1_muvm4_muc1_hvm1_hc1_cb10,4,4,8.0,1.0,4.0,1.0,1.0,1.0,1.0,10.0,625,36.999939481652916,37.00201512922168,5.609867469635894e-05,False,37.05202736030933,0.0014077828068406466,37.005452259179194,0.00014899423089627365,0.050012231087649184,0.003437129957511331,0.0,0.0,653,9.819700608204585e-12,9.423573033018329e-12,True,uniform_argmin_r_q_plus_n_for_r_ge_minimum,1.0,1,2.5,5/2,open_interval_representative,37.00201512922168,6,12,12,"['1', '4/3', '3/2', '2', '3', '4']",5.0,5,37.005452259179194,37.05202736030933,0.003437129957511331,0.050012231087649184,20,2.0743985109023585e-16,8.526512829121202e-13,7.105427357601002e-15,1025,0.0,2.220446049250313e-16,1.8323476069781464e-10,3.0531133177191805e-16,1.3997691894473974e-12,1.7763568394002505e-15,0.0,0.0
K4_B4_lambda12_rho1p5_muvm4_muc1_hvm1_hc1_cb10,4,4,12.0,1.5,4.0,1.0,1.0,1.0,1.0,10.0,625,77.6065711611405,77.60670666953402,1.7460943255080823e-06,False,77.61016603721548,4.6321800089844664e-05,77.60707541873069,6.497614604656001e-06,0.0034593676814580476,0.0003687491966672951,0.0,0.0,362,9.947598300641403e-12,9.190870287056896e-12,True,uniform_argmin_r_q_plus_n_for_r_ge_minimum,1.0,1,2.5,5/2,open_interval_representative,77.60670666953402,6,12,12,"['1', '4/3', '3/2', '2', '3', '4']",5.0,5,77.60707541873069,77.61016603721548,0.0003687491966672951,0.0034593676814580476,20,2.220446049250313e-16,1.2647660696529783e-12,1.4210854715202004e-14,1025,0.0,2.220446049250313e-16,2.14143369703379e-10,3.3306690738754696e-16,1.2647660696529783e-12,8.881784197001252e-16,8.881784197001252e-16,0.0
K4_B4_lambda2_rho0p25_muvm8_muc1_hvm1_hc1_cb10,4,4,2.0,0.25,8.0,1.0,2.0,1.0,1.0,10.0,625,2.258623264924521,2.258945153989164,0.0001425156065828303,False,2.273840558822226,0.006737420150594983,2.2590000484772923,0.0001668200087294577,0.014895404833062287,5.48944881284541e-05,0.0,0.0,614,9.777068044058979e-12,9.371448062012178e-12,True,uniform_argmin_r_q_plus_n_for_r_ge_minimum,1.0,1,3.5,7/2,open_interval_representative,2.258945153989164,6,12,12,"['1', '4/3', '3/2', '2', '3', '4']",5.0,5,2.2590000484772923,2.273840558822226,5.48944881284541e-05,0.014895404833062287,20,3.804465423251635e-16,3.0242475190789264e-13,4.440892098500626e-16,1025,0.0,2.220446049250313e-16,1.2755130285313498e-11,3.634245682171411e-16,2.873257187729905e-13,4.440892098500626e-16,1.3322676295501878e-15,4.440892098500626e-16
K4_B4_lambda4_rho0p5_muvm8_muc1_hvm1_hc1_cb10,4,4,4.0,0.5,8.0,1.0,2.0,1.0,1.0,10.0,625,4.7460875920771155,4.752935993921375,0.0014429573225096428,False,4.7977216488001835,0.010879288618537788,4.755524046781255,0.001988259702558373,0.044785654878808145,0.0025880528598793973,0.0,0.0,931,9.99733629214461e-12,9.727024741224e-12,True,uniform_argmin_r_q_plus_n_for_r_ge_minimum,1.0,1,2.5,5/2,open_interval_representative,4.752935993921375,6,12,12,"['1', '4/3', '3/2', '2', '3', '4']",5.0,5,4.755524046781255,4.7977216488001835,0.0025880528598793973,0.044785654878808145,20,2.0685222198307818e-16,5.702105454474804e-13,1.7763568394002505e-15,1025,0.0,1.1102230246251565e-16,2.5146107418549946e-11,1.249000902703301e-16,3.0109248427834245e-13,4.440892098500626e-16,8.881784197001252e-16,0.0
K4_B4_lambda6_rho0p75_muvm8_muc1_hvm1_hc1_cb10,4,4,6.0,0.75,8.0,1.0,2.0,1.0,1.0,10.0,625,10.4219836840212,10.441672413899823,0.0018891537806579087,False,10.50924990221625,0.00837328294121646,10.457522470669478,0.0034099829481373453,0.06757748831642729,0.01585005676965423,0.0,0.0,1474,9.947598300641403e-12,9.782286092274717e-12,True,uniform_argmin_r_q_plus_n_for_r_ge_minimum,1.0,1,1.75,7/4,open_interval_representative,10.441672413899823,6,12,12,"['1', '4/3', '3/2', '2', '3', '4']",5.0,5,10.457522470669478,10.50924990221625,0.01585005676965423,0.06757748831642729,20,2.3605452987261744e-16,1.0533796057643485e-12,1.7763568394002505e-15,1025,0.0,2.220446049250313e-16,1.1533707322541886e-10,3.3306690738754696e-16,7.229772336359019e-13,8.881784197001252e-16,1.7763568394002505e-15,1.7763568394002505e-15
K4_B4_lambda8_rho1_muvm8_muc1_hvm1_hc1_cb10,4,4,8.0,1.0,8.0,1.0,2.0,1.0,1.0,10.0,625,25.534246164172806,25.543321726277412,0.0003554270623951158,False,25.590941799931027,0.002220376328860279,25.56423760601931,0.00117455755903952,0.04762007365361498,0.020915879741899346,0.0,0.0,1264,9.79127889877418e-12,9.591438754341652e-12,True,uniform_argmin_r_q_plus_n_for_r_ge_minimum,1.0,1,1.75,7/4,open_interval_representative,25.543321726277412,6,12,12,"['1', '4/3', '3/2', '2', '3', '4']",5.0,5,25.56423760601931,25.590941799931027,0.020915879741899346,0.04762007365361498,20,2.498001805406602e-16,1.2185807918285718e-12,3.552713678800501e-15,1025,0.0,2.220446049250313e-16,2.290931888637715e-10,3.3306690738754696e-16,9.094947017729282e-13,1.7763568394002505e-15,8.881784197001252e-16,0.0
K4_B4_lambda12_rho1p5_muvm8_muc1_hvm1_hc1_cb10,4,4,12.0,1.5,8.0,1.0,2.0,1.0,1.0,10.0,625,65.66010255198414,65.66059165342924,7.448989966325257e-06,False,65.6660099253478,8.99689938647027e-05,65.66377981373635,5.6004508206558285e-05,0.005418271918557593,0.0031881603071184372,0.0,0.0,591,9.904965736495797e-12,9.471534667682135e-12,True,uniform_argmin_r_q_plus_n_for_r_ge_minimum,1.0,1,1.75,7/4,open_interval_representative,65.66059165342924,6,12,12,"['1', '4/3', '3/2', '2', '3', '4']",5.0,5,65.66377981373635,65.6660099253478,0.0031881603071184372,0.005418271918557593,20,8.881784197001252e-16,1.1652900866465643e-12,1.4210854715202004e-14,1025,0.0,2.220446049250313e-16,3.1437252800969873e-10,4.440892098500626e-16,1.6058265828178264e-12,1.7763568394002505e-15,1.7763568394002505e-15,1.4210854715202004e-14
