scenario_id,K,B,lambda,rho,mu_vm,mu_container,stage_capacity_ratio,holding_vm,holding_container,blocking_cost,states,full_state_optimal_gain,jsq_uniform_tie_gain,jsq_uniform_tie_relative_gap,jsq_lowest_index_gain,jsq_lowest_index_relative_gap,rz_candidate_gain,rz_candidate_relative_gap,candidate_observation_gap_upper,candidate_observation_share_upper,uniform_rule_gap_lower,uniform_rule_share_lower,candidate_decomposition_error,rz_globally_certified,rz_global_bound_relative_gap,rz_strictly_randomized_observations,rz_decision_observations,rz_start_count,rz_successful_start_count,rz_best_gain_start_count,rz_distinct_final_gain_count,rz_final_gain_range,rz_best_start_name,rz_projected_gradient_residual,rz_gain_evaluation_error,rz_fast_generator_residual,rz_poisson_residual,rz_independent_generator_residual,rz_independent_poisson_gain_error,rz_independent_cost_decomposition_error,rz_reflection_gain_error,rz_all_runs_no_worse_than_starts,rz_polishing_run_count,dz_solved,dz_gain,dz_relative_gap,rz_improvement_over_dz,rvi_span_residual,bellman_residual,check_checked_uniformized_rows,check_minimum_transition_probability,check_maximum_row_sum_error,check_rvi_stationary_gain_error,check_stationary_generator_residual,check_stationary_poisson_gain_error,check_arrival_promotion_flow_error,check_promotion_departure_flow_error,check_cost_decomposition_error
K2_B1_lambda0p25_rho0p25_muvm0p5_muc1_hvm1_hc1_cb10,2,1,0.25,0.25,0.5,1.0,0.25,1.0,1.0,10.0,36,0.8849773159807302,0.8849773159807302,0.0,0.8849773159807302,0.0,0.88497731598073,0.0,0.0,0.0,0.0,0.0,0.0,True,0.0,2,9,22,22,22,1,1.2212453270876722e-15,random_04,3.3306690738754696e-16,6.661338147750939e-16,5.551115123125783e-17,1.709743457922741e-14,6.326319676452918e-17,1.0547118733938987e-14,1.1102230246251565e-16,5.551115123125783e-16,True,0,False,,,,8.693490372024826e-12,7.538331070477966e-12,45,0.0,2.220446049250313e-16,6.136868790918015e-12,9.302454639925628e-17,9.43689570931383e-15,2.7755575615628914e-17,8.326672684688674e-17,0.0
K2_B1_lambda0p5_rho0p5_muvm0p5_muc1_hvm1_hc1_cb10,2,1,0.5,0.5,0.5,1.0,0.25,1.0,1.0,10.0,36,2.2042896931552476,2.204289693155248,0.0,2.2042896931552476,0.0,2.2042896931552476,0.0,0.0,0.0,0.0,0.0,0.0,True,0.0,2,9,22,22,22,1,3.552713678800501e-15,random_05_reflected,2.7755575615628914e-17,8.881784197001252e-16,1.1796119636642288e-16,1.509903313490213e-14,6.245004513516506e-17,1.5987211554602254e-14,4.440892098500626e-16,2.6645352591003757e-15,True,0,False,,,,8.665068662594422e-12,7.351730335614093e-12,45,0.0,2.220446049250313e-16,1.085398437794538e-11,1.6653345369377348e-16,2.6201263381153694e-14,0.0,0.0,4.440892098500626e-16
K2_B1_lambda0p75_rho0p75_muvm0p5_muc1_hvm1_hc1_cb10,2,1,0.75,0.75,0.5,1.0,0.25,1.0,1.0,10.0,36,3.894278130747116,3.894278130747115,0.0,3.894278130747116,0.0,3.8942781307471157,0.0,0.0,0.0,0.0,0.0,0.0,True,0.0,3,9,22,22,22,1,5.773159728050814e-15,random_07,1.1102230246251565e-16,1.7763568394002505e-15,1.5959455978986625e-16,1.9095836023552692e-14,1.734723475976807e-16,1.1102230246251565e-14,4.440892098500626e-16,3.1086244689504383e-15,True,0,False,,,,8.341771717823576e-12,6.941225372258941e-12,45,0.0,2.220446049250313e-16,1.3296030942910875e-11,1.5612511283791264e-16,1.5987211554602254e-14,1.1102230246251565e-16,3.3306690738754696e-16,0.0
K2_B1_lambda1_rho1_muvm0p5_muc1_hvm1_hc1_cb10,2,1,1.0,1.0,0.5,1.0,0.25,1.0,1.0,10.0,36,5.832231557655338,5.832231557655338,0.0,5.832231557655338,0.0,5.832231557655344,0.0,0.0,0.0,0.0,0.0,0.0,True,1.066015448193268e-15,2,9,22,22,22,1,7.993605777301127e-15,random_06,1.1102230246251565e-16,1.0658141036401503e-14,2.0513105103425744e-16,8.881784197001252e-15,3.144186300207963e-16,1.5987211554602254e-14,0.0,2.6645352591003757e-15,True,0,False,,,,8.363087999896379e-12,6.8691718979607685e-12,45,0.0,1.1102230246251565e-16,1.482813871689359e-11,1.1102230246251565e-16,1.687538997430238e-14,0.0,2.220446049250313e-16,0.0
K2_B1_lambda1p5_rho1p5_muvm0p5_muc1_hvm1_hc1_cb10,2,1,1.5,1.5,0.5,1.0,0.25,1.0,1.0,10.0,36,10.137624578862745,10.137624578862745,0.0,10.137624578862745,0.0,10.137624578862747,0.0,0.0,0.0,0.0,0.0,0.0,True,1.7522416869766596e-16,3,9,22,22,22,1,1.0658141036401503e-14,random_02,4.440892098500626e-16,7.105427357601002e-15,1.568840543586525e-16,4.085620730620576e-14,5.898059818321144e-17,1.9539925233402755e-14,1.7763568394002505e-15,3.552713678800501e-15,True,0,False,,,,9.201528428093297e-12,7.544187496932864e-12,45,0.0,1.1102230246251565e-16,1.7482904013377265e-11,1.3877787807814457e-16,2.3092638912203256e-14,0.0,0.0,0.0
K2_B1_lambda0p5_rho0p25_muvm1_muc1_hvm1_hc1_cb10,2,1,0.5,0.25,1.0,1.0,0.5,1.0,1.0,10.0,36,1.3125936428407148,1.3125936428407141,0.0,1.3125936428407148,0.0,1.312593642840715,0.0,0.0,0.0,0.0,0.0,0.0,True,1.691647724610965e-16,3,9,22,22,22,1,1.9984014443252818e-15,random_04,5.551115123125783e-17,1.1102230246251565e-15,1.5265566588595902e-16,2.042810365310288e-14,5.551115123125783e-17,6.217248937900877e-15,0.0,2.220446049250313e-16,True,0,False,,,,8.787637284513039e-12,6.979694600062203e-12,45,0.0,2.220446049250313e-16,4.22084589501992e-12,5.551115123125783e-17,9.992007221626409e-15,0.0,1.1102230246251565e-16,0.0
K2_B1_lambda1_rho0p5_muvm1_muc1_hvm1_hc1_cb10,2,1,1.0,0.5,1.0,1.0,0.5,1.0,1.0,10.0,36,3.6608229179794387,3.660822917979436,0.0,3.6608229179794387,0.0,3.6608229179794396,0.0,0.0,0.0,0.0,0.0,0.0,True,2.4261714909453964e-16,2,9,22,22,22,1,4.440892098500626e-15,random_03,1.1102230246251565e-16,3.552713678800501e-15,3.0531133177191805e-16,9.325873406851315e-15,1.5265566588595902e-16,2.0872192862952943e-14,0.0,4.440892098500626e-15,True,0,False,,,,8.43769498715119e-12,6.889266934706484e-12,45,0.0,1.1102230246251565e-16,9.15401088263934e-12,1.1102230246251565e-16,1.4210854715202004e-14,1.1102230246251565e-16,0.0,8.881784197001252e-16
K2_B1_lambda1p5_rho0p75_muvm1_muc1_hvm1_hc1_cb10,2,1,1.5,0.75,1.0,1.0,0.5,1.0,1.0,10.0,36,6.925681225186751,6.925681225186752,0.0,6.925681225186751,0.0,6.925681225186753,0.0,0.0,0.0,0.0,0.0,0.0,True,2.564883917758359e-16,1,9,22,22,22,1,8.881784197001252e-15,random_08,0.0,5.329070518200751e-15,1.3704315460216776e-16,2.930988785010413e-14,3.157196726277789e-16,1.509903313490213e-14,1.7763568394002505e-15,6.217248937900877e-15,True,0,False,,,,9.347189688924118e-12,7.713163441280813e-12,45,0.0,0.0,1.5643486506178306e-11,2.0816681711721685e-16,1.9539925233402755e-14,0.0,0.0,8.881784197001252e-16
K2_B1_lambda2_rho1_muvm1_muc1_hvm1_hc1_cb10,2,1,2.0,1.0,1.0,1.0,0.5,1.0,1.0,10.0,36,10.801850924393426,10.801850924393428,0.0,10.801850924393426,0.0,10.80185092439343,0.0,0.0,0.0,0.0,0.0,0.0,True,3.288986029956715e-16,3,9,22,22,22,1,7.105427357601002e-15,neutral_half,2.220446049250313e-16,7.105427357601002e-15,1.5959455978986625e-16,2.3092638912203256e-14,6.245004513516506e-17,3.019806626980426e-14,5.329070518200751e-15,3.552713678800501e-15,True,0,False,,,,8.519407401763601e-12,7.0667915963440464e-12,45,0.0,0.0,1.8552270830696216e-11,1.465841337200402e-16,3.375077994860476e-14,4.440892098500626e-16,8.881784197001252e-16,1.7763568394002505e-15
K2_B1_lambda3_rho1p5_muvm1_muc1_hvm1_hc1_cb10,2,1,3.0,1.5,1.0,1.0,0.5,1.0,1.0,10.0,36,19.550656322848408,19.5506563228484,0.0,19.550656322848408,0.0,19.5506563228484,0.0,0.0,0.0,0.0,0.0,0.0,True,0.0,3,9,22,22,22,1,1.4210854715202004e-14,uniform_tie_jsq,1.6653345369377348e-16,0.0,2.0816681711721685e-16,2.842170943040401e-14,1.1622647289044608e-16,3.197442310920451e-14,3.552713678800501e-15,0.0,True,0,False,,,,9.514167231827741e-12,7.973177673648024e-12,45,0.0,0.0,2.7892355092262733e-11,9.020562075079397e-17,4.973799150320701e-14,4.440892098500626e-16,4.440892098500626e-16,0.0
K2_B1_lambda1_rho0p25_muvm2_muc1_hvm1_hc1_cb10,2,1,1.0,0.25,2.0,1.0,1.0,1.0,1.0,10.0,36,2.219855232884372,2.2198552328843726,0.0,2.219855232884372,0.0,2.219855232884372,0.0,0.0,0.0,0.0,0.0,0.0,True,0.0,3,9,22,22,22,1,5.773159728050814e-15,random_06,2.498001805406602e-16,2.220446049250313e-15,2.8449465006019636e-16,1.509903313490213e-14,2.0816681711721685e-16,3.108624468950438e-14,4.440892098500626e-16,1.3322676295501878e-15,True,0,False,,,,8.899547765395255e-12,7.71832597834532e-12,45,0.0,0.0,1.0382361637084614e-11,7.112366251504909e-17,1.2878587085651816e-14,2.220446049250313e-16,3.3306690738754696e-16,4.440892098500626e-16
K2_B1_lambda2_rho0p5_muvm2_muc1_hvm1_hc1_cb10,2,1,2.0,0.5,2.0,1.0,1.0,1.0,1.0,10.0,36,7.140765227259252,7.1407652272592514,0.0,7.140765227259252,0.0,7.140765227259252,0.0,0.0,0.0,0.0,0.0,0.0,True,0.0,0,9,22,22,22,1,4.440892098500626e-15,lowest_index_jsq,0.0,8.881784197001252e-16,1.5959455978986625e-16,2.220446049250313e-14,8.326672684688674e-17,4.796163466380676e-14,8.881784197001252e-16,1.7763568394002505e-15,True,0,False,,,,9.457323812966933e-12,8.291700659412982e-12,45,0.0,0.0,2.793765219166744e-11,8.326672684688674e-17,4.796163466380676e-14,2.220446049250313e-16,2.220446049250313e-16,8.881784197001252e-16
K2_B1_lambda3_rho0p75_muvm2_muc1_hvm1_hc1_cb10,2,1,3.0,0.75,2.0,1.0,1.0,1.0,1.0,10.0,36,14.45153025652012,14.451530256520126,0.0,14.45153025652012,0.0,14.451530256520124,0.0,0.0,0.0,0.0,0.0,0.0,True,2.458365042136363e-16,3,9,22,22,22,1,1.2434497875801753e-14,random_08_reflected,1.1102230246251565e-16,7.105427357601002e-15,1.6653345369377348e-16,3.019806626980426e-14,2.498001805406602e-16,3.552713678800501e-14,1.7763568394002505e-15,5.329070518200751e-15,True,0,False,,,,9.141132295553689e-12,7.9818374132401e-12,45,0.0,1.1102230246251565e-16,4.1319836441289226e-11,1.5265566588595902e-16,4.796163466380676e-14,2.220446049250313e-16,2.220446049250313e-16,1.7763568394002505e-15
K2_B1_lambda4_rho1_muvm2_muc1_hvm1_hc1_cb10,2,1,4.0,1.0,2.0,1.0,1.0,1.0,1.0,10.0,36,23.051735956844635,23.051735956844627,0.0,23.051735956844635,0.0,23.05173595684463,0.0,0.0,0.0,0.0,0.0,0.0,True,0.0,3,9,22,22,22,1,1.0658141036401503e-14,always_vm2_when_both_feasible,7.077671781985373e-16,7.105427357601002e-15,1.734723475976807e-16,8.526512829121202e-14,3.191891195797325e-16,9.592326932761353e-14,0.0,7.105427357601002e-15,True,0,False,,,,8.906653192752856e-12,7.72626407297139e-12,45,0.0,1.1102230246251565e-16,5.0739856760628754e-11,1.457167719820518e-16,3.907985046680551e-14,4.440892098500626e-16,4.440892098500626e-16,0.0
K2_B1_lambda6_rho1p5_muvm2_muc1_hvm1_hc1_cb10,2,1,6.0,1.5,2.0,1.0,1.0,1.0,1.0,10.0,36,41.80487139575042,41.804871395750425,0.0,41.80487139575042,0.0,41.80487139575042,0.0,0.0,0.0,0.0,0.0,0.0,True,0.0,3,9,22,22,22,1,2.842170943040401e-14,always_vm1_when_both_feasible,3.3306690738754696e-16,1.4210854715202004e-14,1.249000902703301e-16,9.237055564881302e-14,1.1102230246251565e-16,4.973799150320701e-14,0.0,1.4210854715202004e-14,True,0,False,,,,8.881784197001252e-12,7.700506898800086e-12,45,0.0,0.0,6.567546506630606e-11,1.3877787807814457e-16,5.684341886080802e-14,4.440892098500626e-16,0.0,7.105427357601002e-15
K2_B1_lambda1_rho0p25_muvm4_muc1_hvm1_hc1_cb10,2,1,1.0,0.25,4.0,1.0,2.0,1.0,1.0,10.0,36,1.5134932991037584,1.513493299103757,0.0,1.5134932991037584,0.0,1.513493299103758,0.0,0.0,0.0,0.0,0.0,0.0,True,0.0,3,9,22,22,22,1,4.218847493575595e-15,random_03_reflected,3.3306690738754696e-16,2.4424906541753444e-15,2.5326962749261384e-16,1.9539925233402755e-14,1.1449174941446927e-16,1.199040866595169e-14,0.0,3.774758283725532e-15,True,0,False,,,,9.166001291305292e-12,8.385042660208342e-12,45,0.0,2.220446049250313e-16,1.4532819392343299e-11,1.199127602768968e-16,1.4210854715202004e-14,2.220446049250313e-16,3.3306690738754696e-16,2.220446049250313e-16
K2_B1_lambda2_rho0p5_muvm4_muc1_hvm1_hc1_cb10,2,1,2.0,0.5,4.0,1.0,2.0,1.0,1.0,10.0,36,4.717986764831619,4.717986764831617,0.0,4.717986764831619,0.0,4.717986764831617,0.0,0.0,0.0,0.0,0.0,0.0,True,0.0,3,9,22,22,22,1,7.993605777301127e-15,uniform_tie_jsq,4.440892098500626e-16,2.6645352591003757e-15,3.434752482434078e-16,3.2862601528904634e-14,8.673617379884035e-17,2.930988785010413e-14,8.881784197001252e-16,0.0,True,0,False,,,,9.315215265814913e-12,8.582412558411079e-12,45,0.0,1.1102230246251565e-16,4.005151765795745e-11,9.367506770274758e-17,1.3322676295501878e-14,2.220446049250313e-16,4.440892098500626e-16,0.0
K2_B1_lambda3_rho0p75_muvm4_muc1_hvm1_hc1_cb10,2,1,3.0,0.75,4.0,1.0,2.0,1.0,1.0,10.0,36,10.506010258067093,10.506010258067091,0.0,10.506010258067093,0.0,10.506010258067091,0.0,0.0,0.0,0.0,0.0,0.0,True,0.0,3,9,22,22,22,1,8.881784197001252e-15,neutral_half,8.881784197001252e-16,1.7763568394002505e-15,1.1102230246251565e-16,4.263256414560601e-14,7.632783294297951e-17,3.552713678800501e-14,0.0,3.552713678800501e-15,True,0,False,,,,9.972467296393006e-12,9.124367927881849e-12,45,0.0,0.0,6.980549471791164e-11,1.1102230246251565e-16,3.552713678800501e-14,8.881784197001252e-16,0.0,1.7763568394002505e-15
K2_B1_lambda4_rho1_muvm4_muc1_hvm1_hc1_cb10,2,1,4.0,1.0,4.0,1.0,2.0,1.0,1.0,10.0,36,18.193042928302344,18.193042928302347,0.0,18.193042928302344,0.0,18.193042928302344,0.0,0.0,0.0,0.0,0.0,0.0,True,0.0,2,9,22,22,22,1,1.7763568394002505e-14,random_08_reflected,1.2212453270876722e-15,1.0658141036401503e-14,3.3306690738754696e-16,7.105427357601002e-14,1.5265566588595902e-16,5.3290705182007514e-14,0.0,7.105427357601002e-15,True,0,False,,,,9.976020010071807e-12,9.025447056387748e-12,45,0.0,0.0,9.029221814671473e-11,1.1102230246251565e-16,4.973799150320701e-14,4.440892098500626e-16,4.440892098500626e-16,3.552713678800501e-15
K2_B1_lambda6_rho1p5_muvm4_muc1_hvm1_hc1_cb10,2,1,6.0,1.5,4.0,1.0,2.0,1.0,1.0,10.0,36,36.16670059925246,36.16670059925245,0.0,36.16670059925246,0.0,36.16670059925246,0.0,0.0,0.0,0.0,0.0,0.0,True,0.0,0,9,22,22,22,1,2.1316282072803006e-14,lowest_index_jsq,0.0,7.105427357601002e-15,1.6653345369377348e-16,7.815970093361102e-14,1.6653345369377348e-16,7.815970093361102e-14,0.0,0.0,True,0,False,,,,9.038103598868474e-12,7.968736781549524e-12,45,0.0,1.1102230246251565e-16,1.0577849707260611e-10,1.6653345369377348e-16,7.815970093361102e-14,0.0,4.440892098500626e-16,0.0
K2_B2_lambda0p25_rho0p25_muvm0p5_muc1_hvm1_hc1_cb10,2,2,0.25,0.25,0.5,1.0,0.25,1.0,1.0,10.0,81,0.8038398026528691,0.8157297983753172,0.014791499106175355,0.8139806598640112,0.012615520129352619,0.8139806593536826,0.012615519494488973,0.010140856700813439,0.8528898527413001,0.0017491390216346492,0.1471101472586998,0.0,False,0.010140856700813439,0,16,22,22,21,6,0.0017491390216352043,always_vm2_when_both_feasible,0.0,3.3306690738754696e-16,1.3877787807814457e-17,1.7985612998927536e-14,6.938893903907228e-17,3.7636560534792807e-14,0.0,2.220446049250313e-16,True,0,False,,,,9.244160992238903e-12,8.487627267683706e-12,117,0.0,2.220446049250313e-16,2.1641577419018176e-12,7.632783294297951e-17,3.652633751016765e-14,0.0,1.6653345369377348e-16,1.1102230246251565e-16
K2_B2_lambda0p5_rho0p5_muvm0p5_muc1_hvm1_hc1_cb10,2,2,0.5,0.5,0.5,1.0,0.25,1.0,1.0,10.0,81,1.9214376584646153,1.9636883750851126,0.02198911655258128,1.9602368477247747,0.020192791105782246,1.9602368421510474,0.02019278820497137,0.03879918368643209,0.918308298411423,0.0034515329340651935,0.08169170158857697,0.0,False,0.02019278820497137,0,16,22,22,18,6,0.0034515329340689682,always_vm1_when_both_feasible,0.0,1.5543122344752192e-15,8.108476997475966e-17,4.6629367034256575e-14,7.632783294297951e-17,2.9531932455029164e-14,0.0,2.220446049250313e-15,True,0,False,,,,9.798384326131782e-12,9.11998254693458e-12,117,0.0,1.1102230246251565e-16,8.874012635828876e-12,1.3877787807814457e-16,2.6201263381153694e-14,5.551115123125783e-17,1.6653345369377348e-16,0.0
K2_B2_lambda0p75_rho0p75_muvm0p5_muc1_hvm1_hc1_cb10,2,2,0.75,0.75,0.5,1.0,0.25,1.0,1.0,10.0,81,3.5395085840806866,3.6022522630706706,0.01772666388554059,3.599234576410009,0.016874091674179425,3.5992339769712784,0.016873922317694925,0.059725392890591866,0.9518949773430729,0.0030182860993921423,0.048105022656927114,0.0,False,0.016873922317694925,1,16,22,22,20,2,0.0030182860993872573,lowest_index_jsq,1.6430234950348677e-10,0.0,1.7898822615020071e-16,3.064215547965432e-14,9.020562075079397e-17,2.6645352591003757e-14,4.440892098500626e-16,4.440892098500626e-15,True,0,False,,,,9.755751761986176e-12,9.06086317087329e-12,117,0.0,0.0,1.716760067438372e-11,1.5092094240998222e-16,3.907985046680551e-14,2.220446049250313e-16,1.1102230246251565e-16,8.881784197001252e-16
K2_B2_lambda1_rho1_muvm0p5_muc1_hvm1_hc1_cb10,2,2,1.0,1.0,0.5,1.0,0.25,1.0,1.0,10.0,81,5.582598171711195,5.646349635252987,0.011419676211847111,5.644571841601891,0.011101223477759192,5.644536513579699,0.011094895237555356,0.06193834186850378,0.9715595286357753,0.001813121673287732,0.02844047136422463,0.0,False,0.011094895237555356,1,16,22,22,20,2,0.0018131216732912847,always_vm1_when_both_feasible,1.956212969389526e-12,0.0,5.793976409762536e-16,5.684341886080802e-14,1.1281123604711674e-16,3.6415315207705135e-14,0.0,9.769962616701378e-15,True,0,False,,,,9.471534667682135e-12,8.72324434908478e-12,117,0.0,1.1102230246251565e-16,2.3996804543457984e-11,3.5388358909926865e-16,4.085620730620576e-14,1.1102230246251565e-16,0.0,0.0
K2_B2_lambda1p5_rho1p5_muvm0p5_muc1_hvm1_hc1_cb10,2,2,1.5,1.5,0.5,1.0,0.25,1.0,1.0,10.0,81,10.30234773257702,10.34433298837,0.004075309520005681,10.34411321812979,0.004053977465806447,10.343972116582526,0.004040281408274052,0.04162438400550528,0.9914047972160949,0.0003608717874747924,0.008595202783905158,0.0,False,0.004040281408274052,1,16,22,22,20,2,0.0003608717874765688,lowest_index_jsq_reflected,9.992007221626409e-16,1.7763568394002505e-15,2.905661822261152e-16,4.796163466380676e-14,4.0679265511656126e-16,6.927791673660977e-14,0.0,1.0658141036401503e-14,True,0,False,,,,9.812595180846984e-12,8.82649509037492e-12,117,0.0,0.0,3.515765456540976e-11,1.0755285551056204e-16,7.105427357601002e-14,1.1102230246251565e-16,1.1102230246251565e-16,0.0
K2_B2_lambda0p5_rho0p25_muvm1_muc1_hvm1_hc1_cb10,2,2,0.5,0.25,1.0,1.0,0.5,1.0,1.0,10.0,81,1.0717969191188723,1.0915797791100181,0.018457657078739666,1.0882358792775573,0.01533775649607155,1.0882358582062421,0.01533773683626962,0.01643893908736982,0.8309687828113512,0.0033439209037759987,0.16903121718864875,0.0,False,0.01533773683626962,0,16,22,22,18,3,0.003343920903776665,always_vm1_when_both_feasible,0.0,6.661338147750939e-16,5.919743861770854e-17,1.84297022087776e-14,6.245004513516506e-17,2.7533531010703882e-14,0.0,8.881784197001252e-16,True,0,False,,,,9.197975714414497e-12,7.891270970006303e-12,117,0.0,2.220446049250313e-16,1.6058265828178264e-12,2.983724378680108e-16,2.6423307986078726e-14,1.1102230246251565e-16,1.1102230246251565e-16,2.220446049250313e-16
K2_B2_lambda1_rho0p5_muvm1_muc1_hvm1_hc1_cb10,2,2,1.0,0.5,1.0,1.0,0.5,1.0,1.0,10.0,81,2.760917310333057,2.8279629675774496,0.02428383385241791,2.8227063563701034,0.022379897364471407,2.8227052576055915,0.02237949939365652,0.06178794727253445,0.9215801561510119,0.005257709971858038,0.07841984384898812,0.0,False,0.02237949939365652,0,16,22,22,20,2,0.005257709971865143,lowest_index_jsq,0.0,2.220446049250313e-15,3.642919299551295e-16,3.375077994860476e-14,1.6653345369377348e-16,4.1744385725905886e-14,0.0,4.440892098500626e-16,True,0,False,,,,9.070078021977679e-12,8.121170402830558e-12,117,0.0,1.1102230246251565e-16,8.217426739065559e-12,4.2327252813834093e-16,3.9968028886505635e-14,3.3306690738754696e-16,1.1102230246251565e-16,0.0
K2_B2_lambda1p5_rho0p75_muvm1_muc1_hvm1_hc1_cb10,2,2,1.5,0.75,1.0,1.0,0.5,1.0,1.0,10.0,81,5.71253346699082,5.801431098680852,0.01556185748472481,5.79827684568322,0.015009693892886177,5.798158507643695,0.014988978383697709,0.08562504065287513,0.9631869716330825,0.0032725910371569356,0.036813028366917515,0.0,False,0.014988978383697709,1,16,22,22,20,2,0.0032725910371667055,random_03,2.4424906541753444e-15,3.552713678800501e-15,1.249000902703301e-16,3.730349362740526e-14,1.942890293094024e-16,7.460698725481052e-14,0.0,6.217248937900877e-15,True,0,False,,,,9.897860309138196e-12,8.911760218666132e-12,117,0.0,0.0,2.022115808131275e-11,1.8041124150158794e-16,5.773159728050814e-14,4.440892098500626e-16,0.0,8.881784197001252e-16
K2_B2_lambda2_rho1_muvm1_muc1_hvm1_hc1_cb10,2,2,2.0,1.0,1.0,1.0,0.5,1.0,1.0,10.0,81,9.763070767676163,9.838222290517253,0.007697529253798219,9.83741734767864,0.007615081542645902,9.837032419875667,0.007575654623377117,0.0739616521995039,0.98416704550217,0.0011898706415855997,0.01583295449782997,0.0,False,0.007575654623377117,1,16,22,22,20,2,0.0011898706415944815,random_01,1.8872503559919096e-10,8.881784197001252e-15,4.2240516640035253e-16,5.5067062021407764e-14,6.938893903907228e-17,5.861977570020827e-14,1.7763568394002505e-15,8.881784197001252e-15,True,0,False,,,,9.14468500923249e-12,8.160361275599826e-12,117,0.0,0.0,2.8387958650455403e-11,2.0643209364124004e-16,4.085620730620576e-14,4.440892098500626e-16,4.440892098500626e-16,0.0
K2_B2_lambda3_rho1p5_muvm1_muc1_hvm1_hc1_cb10,2,2,3.0,1.5,1.0,1.0,0.5,1.0,1.0,10.0,81,19.26559718783902,19.30014484161149,0.0017932303595695517,19.300647208153382,0.0018193061950078724,19.30008591066555,0.0017901714901576444,0.034488722826530704,0.9982942127900168,5.8930945940005586e-05,0.0017057872099831188,0.0,False,0.0017901714901576444,2,16,22,22,20,2,5.893094595066373e-05,random_01,1.2513923230983437e-10,7.105427357601002e-15,1.491862189340054e-16,5.684341886080802e-14,1.249000902703301e-16,7.460698725481052e-14,3.552713678800501e-15,3.552713678800501e-15,True,0,False,,,,9.599432360118954e-12,8.280487406864268e-12,117,0.0,0.0,4.221689664518635e-11,9.020562075079397e-17,9.947598300641403e-14,0.0,4.440892098500626e-16,3.552713678800501e-15
K2_B2_lambda1_rho0p25_muvm2_muc1_hvm1_hc1_cb10,2,2,1.0,0.25,2.0,1.0,1.0,1.0,1.0,10.0,81,1.652063559277939,1.6787108309583267,0.01612968915798521,1.674077121705113,0.013324888321364215,1.6740766728820486,0.013324616647153044,0.022013113604109735,0.8260925871938779,0.004634158076278094,0.17390741280612215,0.0,False,0.013324616647153044,0,16,22,22,20,2,0.004634158076280537,always_vm1_when_both_feasible,1.1102230246251565e-16,6.661338147750939e-16,1.6653345369377348e-16,2.708944180085382e-14,8.673617379884035e-17,2.0872192862952943e-14,2.220446049250313e-16,1.1102230246251565e-15,True,0,False,,,,9.553247082294547e-12,8.555239849883378e-12,117,0.0,0.0,4.614308934947076e-12,1.0885389811754465e-16,2.55351295663786e-14,4.440892098500626e-16,2.220446049250313e-16,2.220446049250313e-16
K2_B2_lambda2_rho0p5_muvm2_muc1_hvm1_hc1_cb10,2,2,2.0,0.5,2.0,1.0,1.0,1.0,1.0,10.0,81,5.345996270224956,5.416418293278866,0.013172853008920493,5.412271989274355,0.012397262493153746,5.41212955724032,0.012370619744667593,0.06613328701536414,0.9390995053456044,0.0042887360385464035,0.060900494654395614,0.0,False,0.012370619744667593,1,16,22,22,20,2,0.004288736038554397,always_vm2_when_both_feasible,3.220756994437579e-13,1.0658141036401503e-14,3.122502256758253e-16,5.595524044110789e-14,1.5959455978986625e-16,9.85878045867139e-14,0.0,7.105427357601002e-15,True,0,False,,,,9.79127889877418e-12,9.044431870108838e-12,117,0.0,0.0,2.6855850876472687e-11,2.706168622523819e-16,4.440892098500626e-14,2.220446049250313e-16,0.0,0.0
K2_B2_lambda3_rho0p75_muvm2_muc1_hvm1_hc1_cb10,2,2,3.0,0.75,2.0,1.0,1.0,1.0,1.0,10.0,81,12.81055429488128,12.868195293930217,0.004499492974474078,12.867939730377865,0.0044795435213536485,12.867188067547326,0.004420868243669643,0.05663377266604641,0.9825258687477727,0.0010072263828906358,0.017474131252227316,0.0,False,0.004420868243669643,1,16,22,22,20,2,0.0010072263828941885,random_04,8.215650382226158e-14,1.7763568394002505e-15,1.3877787807814457e-16,8.348877145181177e-14,1.2620113287731272e-16,7.638334409421077e-14,1.7763568394002505e-15,3.552713678800501e-15,True,0,False,,,,9.42890210353653e-12,8.61377635885674e-12,117,0.0,1.1102230246251565e-16,5.065992070285574e-11,1.457167719820518e-16,5.861977570020827e-14,0.0,4.440892098500626e-16,1.7763568394002505e-15
K2_B2_lambda4_rho1_muvm2_muc1_hvm1_hc1_cb10,2,2,4.0,1.0,2.0,1.0,1.0,1.0,1.0,10.0,81,22.160767515805937,22.1926208270288,0.0014373740079239238,22.1933497661192,0.0014702672319460931,22.19252258928793,0.0014329410504100768,0.03175507348199247,0.9969159331604655,9.823774087180936e-05,0.0030840668395345477,0.0,False,0.0014329410504100768,2,16,22,22,20,2,9.823774087891479e-05,random_06,3.1871394412519294e-11,3.552713678800501e-15,1.942890293094024e-16,1.1013412404281553e-13,1.5265566588595902e-16,5.684341886080802e-14,3.552713678800501e-15,3.552713678800501e-15,True,0,False,,,,9.00257646208047e-12,8.030909270928532e-12,117,0.0,1.1102230246251565e-16,6.349054615384375e-11,1.942890293094024e-16,7.815970093361102e-14,4.440892098500626e-16,0.0,3.552713678800501e-15
K2_B2_lambda6_rho1p5_muvm2_muc1_hvm1_hc1_cb10,2,2,6.0,1.5,2.0,1.0,1.0,1.0,1.0,10.0,81,42.02801033740381,42.03715707026489,0.00021763421079526565,42.03752769325184,0.000226452686473128,42.03715418289548,0.0002175655097221283,0.009143845491664138,0.9996843277861218,2.8873694120079563e-06,0.0003156722138781527,0.0,False,0.0002175655097221283,2,16,22,22,18,3,2.8873694333242383e-06,random_03,1.7204702662532156e-09,1.4210854715202004e-14,2.7755575615628914e-16,1.4921397450962104e-13,1.1102230246251565e-16,1.5631940186722204e-13,0.0,0.0,True,0,False,,,,8.604672530054813e-12,7.355005493536737e-12,117,0.0,0.0,7.401013135677204e-11,1.3877787807814457e-16,1.2789769243681803e-13,8.881784197001252e-16,0.0,0.0
K2_B2_lambda1_rho0p25_muvm4_muc1_hvm1_hc1_cb10,2,2,1.0,0.25,4.0,1.0,2.0,1.0,1.0,10.0,81,1.2883523794836145,1.297034226744544,0.006738721020105814,1.294625266821315,0.004868922072558072,1.2946251752807636,0.004868851020140411,0.006272795797149122,0.7225185618478027,0.002409051463780454,0.27748143815219733,0.0,False,0.004868851020140411,0,16,22,22,18,3,0.002409051463785561,always_vm1_when_both_feasible,0.0,1.7763568394002505e-15,1.3877787807814457e-16,2.6423307986078726e-14,9.71445146547012e-17,3.8413716652030416e-14,4.440892098500626e-16,1.1102230246251565e-15,True,0,False,,,,9.730882766234572e-12,8.984910038201122e-12,117,0.0,1.1102230246251565e-16,5.39124300757976e-12,3.885780586188048e-16,2.9531932455029164e-14,2.220446049250313e-16,7.771561172376096e-16,2.220446049250313e-16
K2_B2_lambda2_rho0p5_muvm4_muc1_hvm1_hc1_cb10,2,2,2.0,0.5,4.0,1.0,2.0,1.0,1.0,10.0,81,3.4034275531829032,3.4349369927563407,0.009258149051525907,3.4308466801645388,0.008056327497258755,3.4308306854350867,0.008051627902746435,0.027403132252183493,0.8696800902572835,0.004106307321253944,0.13031990974271643,0.0,False,0.008051627902746435,0,16,22,22,20,2,0.004106307321251723,always_vm2_when_both_feasible,0.0,1.7763568394002505e-15,3.217912047936977e-16,6.52811138479592e-14,5.312590645178972e-16,6.306066779870889e-14,4.440892098500626e-16,4.440892098500626e-15,True,0,False,,,,9.691802915767767e-12,9.189093930217496e-12,117,0.0,1.1102230246251565e-16,2.788391739727558e-11,2.3418766925686896e-16,4.707345624410664e-14,0.0,4.440892098500626e-16,0.0
K2_B2_lambda3_rho0p75_muvm4_muc1_hvm1_hc1_cb10,2,2,3.0,0.75,4.0,1.0,2.0,1.0,1.0,10.0,81,8.540657853975139,8.58470160422909,0.005156950554277512,8.582526521331841,0.0049022766246531145,8.582206894141336,0.0048648524360285494,0.041549040166197315,0.9433583635959669,0.0024947100877543704,0.056641636404033066,0.0,False,0.0048648524360285494,1,16,22,22,20,2,0.002494710087761476,always_vm2_when_both_feasible,3.283609495419171e-11,3.552713678800501e-15,9.71445146547012e-17,8.348877145181177e-14,8.326672684688674e-17,1.1191048088221578e-13,1.7763568394002505e-15,3.552713678800501e-15,True,0,False,,,,9.912071163853398e-12,9.403033907062763e-12,117,0.0,0.0,6.749267811301252e-11,1.942890293094024e-16,6.039613253960852e-14,4.440892098500626e-16,4.440892098500626e-16,1.7763568394002505e-15
K2_B2_lambda4_rho1_muvm4_muc1_hvm1_hc1_cb10,2,2,4.0,1.0,4.0,1.0,2.0,1.0,1.0,10.0,81,16.662415633235398,16.696206253524437,0.002027954471477688,16.69612680099558,0.0020231861035166915,16.69544735896935,0.0019824091812993875,0.0330317257339523,0.9775412659313237,0.0007588945550871529,0.02245873406867624,0.0,False,0.0019824091812993875,1,16,22,22,20,2,0.000758894555097811,random_02,5.0916493243846617e-11,3.552713678800501e-15,1.6653345369377348e-16,1.4566126083082054e-13,2.7929047963226594e-16,1.1723955140041653e-13,3.552713678800501e-15,1.0658141036401503e-14,True,0,False,,,,9.592326932761353e-12,8.995693079327793e-12,117,0.0,0.0,9.528378086542943e-11,1.1102230246251565e-16,1.0302869668521453e-13,0.0,8.881784197001252e-16,0.0
K2_B2_lambda6_rho1p5_muvm4_muc1_hvm1_hc1_cb10,2,2,6.0,1.5,4.0,1.0,2.0,1.0,1.0,10.0,81,35.93615691519966,35.94854328457814,0.00034467707294665457,35.94903149477416,0.00035826256004172153,35.94851778968883,0.0003439676234255352,0.012360874489168339,0.9979416979636787,2.549488931435917e-05,0.0020583020363213354,0.0,False,0.0003439676234255352,2,16,22,22,20,2,2.5494889321464598e-05,random_04,3.297108142064076e-10,7.105427357601002e-15,5.551115123125783e-16,1.5631940186722204e-13,1.3877787807814457e-16,2.0605739337042905e-13,0.0,7.105427357601002e-15,True,0,False,,,,9.585221505403752e-12,8.637979220793568e-12,117,0.0,1.1102230246251565e-16,1.2570211538331932e-10,3.3306690738754696e-16,2.3447910280083306e-13,0.0,0.0,0.0
K2_B3_lambda0p25_rho0p25_muvm0p5_muc1_hvm1_hc1_cb10,2,3,0.25,0.25,0.5,1.0,0.25,1.0,1.0,10.0,144,0.8017779917560012,0.8145440146943616,0.015922141876707138,0.8127656960207181,0.013704172947741323,0.8127655325802532,0.013703969100209188,0.010987540824252018,0.8606862824314507,0.0017784821141083595,0.1393137175685493,0.0,False,0.010987540824252018,1,25,22,22,21,3,0.0017784821141065832,random_07,7.049916206369744e-15,2.4424906541753444e-15,1.474514954580286e-16,6.605826996519681e-14,6.938893903907228e-17,6.23945339839338e-14,1.1102230246251565e-16,2.220446049250313e-16,True,0,False,,,,9.968914582714206e-12,9.293926739317726e-12,225,0.0,2.220446049250313e-16,6.559197629485425e-13,8.456776945386935e-17,5.10702591327572e-14,2.7755575615628914e-17,1.1102230246251565e-16,2.220446049250313e-16
K2_B3_lambda0p5_rho0p5_muvm0p5_muc1_hvm1_hc1_cb10,2,3,0.5,0.5,0.5,1.0,0.25,1.0,1.0,10.0,144,1.9295086311964689,1.9813746826522787,0.026880445423894367,1.977720891470591,0.024986807259953142,1.9777066021248515,0.024979401568416697,0.04819797092838263,0.9292778142066125,0.0036680805274271755,0.07072218579338747,0.0,False,0.024979401568416697,1,25,22,22,20,2,0.0036680805274318384,random_01_reflected,1.509647962194549e-11,0.0,1.4224732503009818e-16,4.707345624410664e-14,1.1535911115245767e-16,7.105427357601002e-14,0.0,1.5543122344752192e-15,True,0,False,,,,9.848122317634989e-12,9.418577029407516e-12,225,0.0,2.220446049250313e-16,5.21338527903481e-12,1.0408340855860843e-16,4.1522341120980855e-14,2.220446049250313e-16,1.1102230246251565e-16,0.0
K2_B3_lambda0p75_rho0p75_muvm0p5_muc1_hvm1_hc1_cb10,2,3,0.75,0.75,0.5,1.0,0.25,1.0,1.0,10.0,144,3.7398298613231162,3.8212462039450275,0.02177006592302755,3.8182429405447174,0.02096701778670202,3.8181484959810277,0.020941764080733623,0.07831863465791145,0.9619522584257414,0.003097707963999774,0.0380477415742586,0.0,False,0.020941764080733623,1,25,22,22,20,2,0.003097707964005103,random_01_reflected,2.1726856425097196e-11,6.217248937900877e-15,4.2674197509029455e-16,6.394884621840902e-14,3.3133218391157016e-16,1.0036416142611415e-13,0.0,8.881784197001252e-16,True,0,False,,,,9.748646334628575e-12,9.377942866706235e-12,225,0.0,2.220446049250313e-16,1.5426770971771475e-11,5.551115123125783e-17,7.283063041541027e-14,3.3306690738754696e-16,1.1102230246251565e-16,4.440892098500626e-16
K2_B3_lambda1_rho1_muvm0p5_muc1_hvm1_hc1_cb10,2,3,1.0,1.0,0.5,1.0,0.25,1.0,1.0,10.0,144,6.1955803699227125,6.268750899641268,0.011810117107635583,6.26748877137846,0.011606402816568486,6.2672807031630065,0.011572819487319206,0.0717003332402939,0.9799072593308192,0.0014701964782615207,0.0200927406691808,0.0,False,0.011572819487319206,2,25,22,22,20,2,0.0014701964782650734,random_03,6.034039101709965e-10,3.552713678800501e-15,4.172009959724221e-16,7.460698725481052e-14,1.5959455978986625e-16,1.0391687510491465e-13,0.0,1.7763568394002505e-15,True,0,False,,,,9.634959496906959e-12,9.256595490114705e-12,225,0.0,2.220446049250313e-16,2.6847857270695386e-11,3.885780586188048e-16,9.769962616701378e-14,1.1102230246251565e-16,2.220446049250313e-16,8.881784197001252e-16
K2_B3_lambda1p5_rho1p5_muvm0p5_muc1_hvm1_hc1_cb10,2,3,1.5,1.5,0.5,1.0,0.25,1.0,1.0,10.0,144,11.646377806406118,11.67510916009906,0.002466977644941104,11.675258889286859,0.002479833932989409,11.674961793486773,0.002454324216146595,0.028583987080654794,0.9948708782098382,0.00014736661228731407,0.005129121790161765,0.0,False,0.002454324216146595,2,25,22,22,20,2,0.00014736661229264314,random_02,2.511054142395608e-10,1.7763568394002505e-14,1.8366384801904445e-16,9.414691248821327e-14,2.457344223938396e-16,8.526512829121202e-14,0.0,1.4210854715202004e-14,True,0,False,,,,9.86233317235019e-12,9.28901400243376e-12,225,0.0,1.1102230246251565e-16,4.2792436261152034e-11,1.8995222061946038e-16,1.1901590823981678e-13,1.1102230246251565e-16,0.0,0.0
K2_B3_lambda0p5_rho0p25_muvm1_muc1_hvm1_hc1_cb10,2,3,0.5,0.25,1.0,1.0,0.5,1.0,1.0,10.0,144,1.059374621921043,1.0800901527731173,0.01955449037896464,1.076738190234724,0.016390394818213003,1.0767366148848239,0.016388907761729406,0.017361992963780937,0.8381147983973775,0.003353537888293401,0.1618852016026225,0.0,False,0.016388907761729406,1,25,22,22,21,2,0.0033535378882925126,random_01_reflected,5.10702591327572e-14,1.5543122344752192e-15,3.0531133177191805e-16,3.68594044175552e-14,2.7755575615628914e-17,4.418687638008123e-14,0.0,0.0,True,0,False,,,,9.123368727159686e-12,8.059775069568786e-12,225,0.0,2.220446049250313e-16,4.651834473179406e-13,1.942890293094024e-16,4.951594689828198e-14,1.1102230246251565e-16,1.1102230246251565e-16,0.0
K2_B3_lambda1_rho0p5_muvm1_muc1_hvm1_hc1_cb10,2,3,1.0,0.5,1.0,1.0,0.5,1.0,1.0,10.0,144,2.6399203890752014,2.7152124423204667,0.02852057719499678,2.710079935419981,0.026576387164977087,2.70996318563399,0.02653216242756682,0.07004279655878864,0.9302813980995175,0.005249256686476578,0.0697186019004825,0.0,False,0.02653216242756682,1,25,22,22,20,2,0.005249256686481907,random_01,5.662137425588298e-15,8.881784197001252e-16,2.498001805406602e-16,7.815970093361102e-14,1.734723475976807e-16,7.194245199571014e-14,4.440892098500626e-16,1.3322676295501878e-15,True,0,False,,,,9.677592061052565e-12,9.052647520491064e-12,225,0.0,1.1102230246251565e-16,6.034284183442651e-12,6.591949208711867e-17,1.0080825063596421e-13,0.0,1.1102230246251565e-16,0.0
K2_B3_lambda1p5_rho0p75_muvm1_muc1_hvm1_hc1_cb10,2,3,1.5,0.75,1.0,1.0,0.5,1.0,1.0,10.0,144,5.75198986453386,5.851989904950042,0.01738529496249139,5.849719166840954,0.016990520603953493,5.849117045168356,0.016885840017447144,0.09712718063449621,0.9712714137941394,0.0028728597816858326,0.028728586205860624,0.0,False,0.016885840017447144,2,25,22,22,20,2,0.0028728597816964907,random_01,3.0878077872387166e-14,8.881784197001252e-16,2.8102520310824275e-16,1.6076029396572267e-13,8.326672684688674e-17,1.2612133559741778e-13,8.881784197001252e-16,5.329070518200751e-15,True,0,False,,,,9.727330052555772e-12,9.222178576351325e-12,225,0.0,0.0,2.1171508990391885e-11,1.1449174941446927e-16,1.6253665080512292e-13,0.0,0.0,0.0
K2_B3_lambda2_rho1_muvm1_muc1_hvm1_hc1_cb10,2,3,2.0,1.0,1.0,1.0,0.5,1.0,1.0,10.0,144,10.388888418641665,10.455375021761899,0.0063997802691702285,10.455660491403432,0.006427258631631067,10.454640841501716,0.006329110508306705,0.06575242286005079,0.9889574707425562,0.000734180260183237,0.011042529257443779,0.0,False,0.006329110508306705,2,25,22,22,20,2,0.0007341802601956715,random_03,1.2362509904662033e-09,1.5987211554602254e-14,3.0704605524789486e-16,1.2967404927621828e-13,8.630249292984615e-17,1.3500311979441904e-13,0.0,1.4210854715202004e-14,True,0,False,,,,9.57811607804615e-12,9.018341629030147e-12,225,0.0,0.0,3.659295089164516e-11,1.7650811368064012e-16,8.704148513061227e-14,4.440892098500626e-16,0.0,1.7763568394002505e-15
K2_B3_lambda3_rho1p5_muvm1_muc1_hvm1_hc1_cb10,2,3,3.0,1.5,1.0,1.0,0.5,1.0,1.0,10.0,144,20.748681024483577,20.76370468384857,0.0007240778026932968,20.764189213132575,0.0007474300959515271,20.763691726172574,0.0007234532966834928,0.015010701688996875,0.9991375153229652,1.2957675995295403e-05,0.0008624846770347523,0.0,False,0.0007234532966834928,3,25,22,22,20,2,1.2957676027269827e-05,lowest_index_jsq_reflected,5.665989621927991e-10,2.1316282072803006e-14,2.949029909160572e-16,1.1013412404281553e-13,2.498001805406602e-16,1.5987211554602254e-13,0.0,1.4210854715202004e-14,True,0,False,,,,9.819700608204585e-12,8.892442338037654e-12,225,0.0,0.0,5.518785428648698e-11,2.3592239273284576e-16,1.9184653865522705e-13,6.661338147750939e-16,2.220446049250313e-16,0.0
K2_B3_lambda1_rho0p25_muvm2_muc1_hvm1_hc1_cb10,2,3,1.0,0.25,2.0,1.0,1.0,1.0,1.0,10.0,144,1.6112382960943474,1.6376610329846335,0.016399024870706564,1.6331938697162696,0.013626521710129774,1.6331759122593823,0.013615376582229829,0.021937616165034868,0.8302552553933166,0.0044851207252512015,0.16974474460668343,0.0,False,0.013615376582229829,1,25,22,22,20,2,0.004485120725261416,random_06_reflected,4.550559928873099e-11,8.881784197001252e-16,6.140921104957897e-16,3.574918139293004e-14,1.7694179454963432e-16,6.328271240363392e-14,2.220446049250313e-16,1.3322676295501878e-15,True,0,False,,,,9.158895863947691e-12,8.34879387845433e-12,225,0.0,0.0,1.5241141682054149e-12,2.0006918214146574e-16,8.193445921733655e-14,1.2212453270876722e-15,3.3306690738754696e-16,2.220446049250313e-16
K2_B3_lambda2_rho0p5_muvm2_muc1_hvm1_hc1_cb10,2,3,2.0,0.5,2.0,1.0,1.0,1.0,1.0,10.0,144,5.046420260936365,5.119468032487836,0.014475166112684505,5.11638741121431,0.013864709370234344,5.115647088699071,0.013718006860938863,0.06922682776270594,0.9476925345207508,0.0038209437887646303,0.05230746547924922,0.0,False,0.013718006860938863,2,25,22,22,20,2,0.003820943788768183,always_vm1_when_both_feasible,3.630429290524262e-14,1.7763568394002505e-15,1.249000902703301e-16,9.947598300641403e-14,1.8388068845354155e-16,8.348877145181177e-14,8.881784197001252e-16,6.217248937900877e-15,True,0,False,,,,9.769962616701378e-12,9.32476318382669e-12,225,0.0,2.220446049250313e-16,2.3371526935989095e-11,2.5500435096859064e-16,9.947598300641403e-14,6.661338147750939e-16,4.440892098500626e-16,0.0
K2_B3_lambda3_rho0p75_muvm2_muc1_hvm1_hc1_cb10,2,3,3.0,0.75,2.0,1.0,1.0,1.0,1.0,10.0,144,13.27740267542703,13.324313830735706,0.0035331575350573663,13.32532345983648,0.00360919869502321,13.323713244869076,0.0034879238488228002,0.04631056944204559,0.98719737634517,0.0006005858666302544,0.012802623654829938,0.0,False,0.0034879238488228002,2,25,22,22,20,2,0.0006005858666497943,random_06,2.5868196473766147e-13,2.4868995751603507e-14,3.469446951953614e-16,1.545430450278218e-13,3.49221519757581e-16,1.0658141036401503e-13,0.0,3.552713678800501e-15,True,0,False,,,,9.64917035162216e-12,9.158895863947691e-12,225,0.0,1.1102230246251565e-16,5.918110446145874e-11,9.367506770274758e-17,1.509903313490213e-13,4.440892098500626e-16,4.440892098500626e-16,0.0
K2_B3_lambda4_rho1_muvm2_muc1_hvm1_hc1_cb10,2,3,4.0,1.0,2.0,1.0,1.0,1.0,1.0,10.0,144,23.421593171304302,23.437351768822754,0.0006728234669262197,23.43817201857318,0.0007078445581229822,23.43732305247065,0.0006715974037846103,0.015729881166347326,0.9981777342767031,2.8716352105107035e-05,0.0018222657232968733,0.0,False,0.0006715974037846103,3,25,22,22,20,2,2.8716352122870603e-05,random_03,1.5567408473415867e-09,1.0658141036401503e-14,3.0531133177191805e-16,1.6342482922482304e-13,1.942890293094024e-16,1.7053025658242404e-13,3.552713678800501e-15,0.0,True,0,False,,,,9.762857189343777e-12,9.038991777288174e-12,225,0.0,1.1102230246251565e-16,7.990408334990207e-11,1.8041124150158794e-16,1.4210854715202004e-13,4.440892098500626e-16,0.0,0.0
K2_B3_lambda6_rho1p5_muvm2_muc1_hvm1_hc1_cb10,2,3,6.0,1.5,2.0,1.0,1.0,1.0,1.0,10.0,144,43.825071324481115,43.82697691814333,4.348181542264204e-05,43.8271034711686,4.636950097439152e-05,43.8269766937475,4.347669516095875e-05,0.00190536926638174,0.9998822436084253,2.2439583347022563e-07,0.00011775639157477594,0.0,False,4.347669516095875e-05,3,25,22,22,12,8,2.243958689973624e-07,random_05,7.346534491858847e-11,2.1316282072803006e-14,1.1657341758564144e-15,2.4868995751603507e-13,3.3306690738754696e-16,2.8421709430404007e-13,0.0,2.1316282072803006e-14,True,0,False,,,,9.663381206337363e-12,8.384848371179032e-12,225,0.0,1.1102230246251565e-16,9.509193432677421e-11,1.1102230246251565e-16,3.197442310920451e-13,0.0,4.440892098500626e-16,0.0
K2_B3_lambda1_rho0p25_muvm4_muc1_hvm1_hc1_cb10,2,3,1.0,0.25,4.0,1.0,2.0,1.0,1.0,10.0,144,1.2822023042289727,1.2908739301135181,0.006763071518390314,1.2884794009221696,0.004895558737099197,1.2884767707985634,0.004893507482318603,0.006274466569590631,0.7235628765734702,0.0023971593149547665,0.27643712342652976,0.0,False,0.004893507482318603,1,25,22,22,20,2,0.00239715931495188,random_01_reflected,3.308431306692228e-11,2.4424906541753444e-15,2.45029690981724e-16,7.038813976123492e-14,2.42861286636753e-16,4.6851411639181606e-14,0.0,6.661338147750939e-16,True,0,False,,,,9.912071163853398e-12,9.189926597485965e-12,225,0.0,2.220446049250313e-16,1.6817658377021871e-12,6.314393452555578e-16,6.816769371198461e-14,3.3306690738754696e-16,6.661338147750939e-16,0.0
K2_B3_lambda2_rho0p5_muvm4_muc1_hvm1_hc1_cb10,2,3,2.0,0.5,4.0,1.0,2.0,1.0,1.0,10.0,144,3.1865439878989514,3.2162716423323503,0.009329120999518919,3.212761457510232,0.00822755615828387,3.212558625036359,0.008163903349898666,0.026014637137407703,0.8750988812686276,0.003713017295991161,0.12490111873137241,0.0,False,0.008163903349898666,1,25,22,22,20,2,0.0037130172959964902,random_06_reflected,5.037914529992804e-12,8.881784197001252e-16,1.1275702593849246e-16,1.1013412404281553e-13,2.0643209364124004e-16,9.414691248821327e-14,0.0,4.440892098500626e-15,True,0,False,,,,9.812595180846984e-12,9.462819416938828e-12,225,0.0,0.0,1.7262191676081784e-11,1.5525775109992423e-16,1.0524914273446484e-13,2.220446049250313e-16,6.661338147750939e-16,0.0
K2_B3_lambda3_rho0p75_muvm4_muc1_hvm1_hc1_cb10,2,3,3.0,0.75,4.0,1.0,2.0,1.0,1.0,10.0,144,8.291760454939842,8.333607821984039,0.005046861552695466,8.332690846831106,0.004936272835387977,8.331610243464976,0.0048059502854297725,0.039849788525133434,0.9522651325481623,0.0019975785190631257,0.04773486745183774,0.0,False,0.0048059502854297725,2,25,22,22,20,2,0.0019975785190933237,always_vm2_when_both_feasible,7.02460312140829e-11,3.019806626980426e-14,3.3306690738754696e-16,1.900701818158268e-13,3.7470027081099033e-16,1.6342482922482304e-13,1.7763568394002505e-15,1.2434497875801753e-14,True,0,False,,,,9.755751761986176e-12,9.459655281318646e-12,225,0.0,0.0,6.338041202980094e-11,1.8431436932253575e-16,1.3322676295501878e-13,4.440892098500626e-16,0.0,0.0
K2_B3_lambda4_rho1_muvm4_muc1_hvm1_hc1_cb10,2,3,4.0,1.0,4.0,1.0,2.0,1.0,1.0,10.0,144,17.209983114533017,17.234855767260495,0.001445245620634796,17.235713232250962,0.0014950693180063093,17.234440164237306,0.001421096670550235,0.024457049704288636,0.9832907640474607,0.0004156030231889929,0.016709235952539262,0.0,False,0.001421096670550235,2,25,22,22,18,3,0.00041560302323162546,random_05,6.001310559611284e-13,2.4868995751603507e-14,5.404476779297118e-16,3.623767952376511e-13,1.8041124150158794e-16,1.7763568394002505e-13,0.0,7.105427357601002e-15,True,0,False,,,,9.976020010071807e-12,9.57811607804615e-12,225,0.0,2.220446049250313e-16,1.0652456694515422e-10,2.318566345860251e-16,1.8118839761882555e-13,0.0,4.440892098500626e-16,3.552713678800501e-15
K2_B3_lambda6_rho1p5_muvm4_muc1_hvm1_hc1_cb10,2,3,6.0,1.5,4.0,1.0,2.0,1.0,1.0,10.0,144,37.494456011984816,37.49889009725146,0.00011825975726192174,37.49923896477034,0.0001275642666744336,37.4988852652049,0.00011813088363425214,0.004429253220081364,0.9989102495163745,4.832046563763015e-06,0.0010897504836254513,0.0,False,0.00011813088363425214,3,25,22,22,16,4,4.8320465921847244e-06,random_02_reflected,4.6093129313362624e-12,1.4210854715202004e-14,5.551115123125783e-16,4.973799150320701e-13,2.220446049250313e-16,2.5579538487363607e-13,0.0,1.4210854715202004e-14,True,0,False,,,,9.748646334628575e-12,9.034106795979824e-12,225,0.0,2.220446049250313e-16,1.3804424270347226e-10,1.6653345369377348e-16,2.5579538487363607e-13,4.440892098500626e-16,0.0,7.105427357601002e-15
K2_B4_lambda0p25_rho0p25_muvm0p5_muc1_hvm1_hc1_cb10,2,4,0.25,0.25,0.5,1.0,0.25,1.0,1.0,10.0,225,0.8018640840477091,0.8146895244829377,0.015994531605016384,0.8129101987913067,0.013775544962480566,0.812910098923389,0.013775420417785648,0.0110460148756798,0.8612581323397585,0.0017794255595487973,0.1387418676602416,0.0,False,0.0110460148756798,2,36,22,22,21,3,0.001779425559551906,random_08,3.056133124346161e-11,2.9976021664879227e-15,1.942890293094024e-16,6.605826996519681e-14,1.0234868508263162e-16,1.1890488593735427e-13,1.1102230246251565e-16,1.1102230246251565e-16,True,0,False,,,,9.592326932761353e-12,8.958833674910238e-12,369,0.0,2.220446049250313e-16,1.7197354651443675e-13,1.3400738851920835e-16,8.826273045769994e-14,1.942890293094024e-16,2.7755575615628914e-17,1.1102230246251565e-16
K2_B4_lambda0p5_rho0p5_muvm0p5_muc1_hvm1_hc1_cb10,2,4,0.5,0.5,0.5,1.0,0.25,1.0,1.0,10.0,225,1.9522796138097742,2.0069346810855078,0.02799551195900518,2.003243283486309,0.02610469797258281,2.003218950117294,0.026092233892723173,0.0509393363075199,0.9320148862050087,0.0037157309682136486,0.06798511379499127,0.0,False,0.026092233892723173,2,36,22,22,21,8,0.0037157309682145367,random_04_reflected,3.2416958006820096e-11,8.881784197001252e-16,8.847089727481716e-17,9.85878045867139e-14,1.3444106938820255e-16,1.056932319443149e-13,0.0,8.881784197001252e-16,True,0,False,,,,9.990230864787009e-12,9.660550137624568e-12,369,0.0,2.220446049250313e-16,2.885247596395857e-12,3.3306690738754696e-16,1.021405182655144e-13,4.440892098500626e-16,1.6653345369377348e-16,0.0
K2_B4_lambda0p75_rho0p75_muvm0p5_muc1_hvm1_hc1_cb10,2,4,0.75,0.75,0.5,1.0,0.25,1.0,1.0,10.0,225,4.03464569670953,4.12504581408194,0.02240596180381725,4.122188253566856,0.02169770617745227,4.121976678651715,0.02164526664966099,0.08733098194218503,0.9660494309141121,0.0030691354302243568,0.033950569085887866,0.0,False,0.02164526664966099,2,36,22,22,6,12,0.0030691354301932705,random_06,2.6462410041006024e-10,2.042810365310288e-14,3.434752482434078e-16,1.6253665080512292e-13,2.671474153004283e-16,1.3322676295501878e-13,0.0,2.6645352591003757e-15,True,0,False,,,,9.904965736495797e-12,9.64739399478276e-12,369,0.0,1.1102230246251565e-16,1.3455014880037197e-11,4.475586568020162e-16,2.0161650127192843e-13,1.1102230246251565e-16,2.220446049250313e-16,0.0
K2_B4_lambda1_rho1_muvm0p5_muc1_hvm1_hc1_cb10,2,4,1.0,1.0,0.5,1.0,0.25,1.0,1.0,10.0,225,7.1224680097146935,7.192882626584793,0.009886266498362278,7.192138196462319,0.009781747935209962,7.1917228474188635,0.00972343260927389,0.06925483770416996,0.9835292838691572,0.0011597791659294643,0.01647071613084283,0.0,False,0.00972343260927389,3,36,22,22,10,10,0.0011597791659321288,random_04,3.372741530505152e-10,7.105427357601002e-15,1.9949319973733282e-16,1.376676550535194e-13,9.71445146547012e-17,2.1671553440683056e-13,8.881784197001252e-16,4.440892098500626e-15,True,0,False,,,,9.976020010071807e-12,9.720446669803096e-12,369,0.0,2.220446049250313e-16,2.9172220195050613e-11,2.0122792321330962e-16,1.794120407794253e-13,4.440892098500626e-16,5.551115123125783e-16,8.881784197001252e-16
K2_B4_lambda1p5_rho1p5_muvm0p5_muc1_hvm1_hc1_cb10,2,4,1.5,1.5,0.5,1.0,0.25,1.0,1.0,10.0,225,13.385654342676863,13.400049546591244,0.0010754202630561965,13.40024219510319,0.001089812425517061,13.399997497132803,0.0010715318122484453,0.01434315445593981,0.9963842500078055,5.204945844106135e-05,0.003615749992194533,0.0,False,0.0010715318122484453,3,36,22,22,14,10,5.204945843217956e-05,random_01_reflected,4.605205106145149e-13,7.105427357601002e-15,3.701466216865512e-16,1.8829382497642655e-13,1.813870234568249e-16,2.078337502098293e-13,1.7763568394002505e-15,7.105427357601002e-15,True,0,False,,,,9.777068044058979e-12,9.380052290453023e-12,369,0.0,2.220446049250313e-16,4.6497916628140956e-11,1.434941575284565e-16,1.509903313490213e-13,1.1102230246251565e-16,0.0,1.7763568394002505e-15
K2_B4_lambda0p5_rho0p25_muvm1_muc1_hvm1_hc1_cb10,2,4,0.5,0.25,1.0,1.0,0.5,1.0,1.0,10.0,225,1.0588267639688418,1.0796086510257656,0.019627277817408292,1.0762620945038273,0.016466650757515744,1.0762614006687794,0.01646599547086124,0.01743463669993761,0.8389342436604645,0.003347250356986242,0.1610657563395354,0.0,False,0.01646599547086124,2,36,22,22,21,6,0.0033472503569873524,random_05_reflected,7.258638134999273e-13,1.3322676295501878e-15,1.1102230246251565e-16,5.10702591327572e-14,1.8214596497756474e-16,1.2301271112846734e-13,2.220446049250313e-16,2.4424906541753444e-15,True,0,False,,,,9.897860309138196e-12,8.85716500143019e-12,369,0.0,2.220446049250313e-16,1.3633538742396922e-13,1.960237527853792e-16,9.325873406851315e-14,5.551115123125783e-17,4.440892098500626e-16,0.0
K2_B4_lambda1_rho0p5_muvm1_muc1_hvm1_hc1_cb10,2,4,1.0,0.5,1.0,1.0,0.5,1.0,1.0,10.0,225,2.6401469052218074,2.7175412707796167,0.029314416332187836,2.7125839287472506,0.02743673974435811,2.7124078020088302,0.027370028782906678,0.07226089678702285,0.9336712855801881,0.005133468770786465,0.06632871441981196,0.0,False,0.027370028782906678,2,36,22,22,21,2,0.005133468770772254,random_07_reflected,7.412537250672813e-11,8.881784197001252e-16,5.412337245047638e-16,3.9257486150745535e-13,1.1449174941446927e-16,3.6992631180510216e-13,0.0,6.661338147750939e-15,True,0,False,,,,9.535483513900544e-12,9.116374322104548e-12,369,0.0,1.1102230246251565e-16,3.715694418815474e-12,1.2663481374630692e-16,1.0791367799356522e-13,3.3306690738754696e-16,2.220446049250313e-16,0.0
K2_B4_lambda1p5_rho0p75_muvm1_muc1_hvm1_hc1_cb10,2,4,1.5,0.75,1.0,1.0,0.5,1.0,1.0,10.0,225,6.1346160429369325,6.23506516533617,0.016374149856516182,6.233601133162252,0.016135498869450135,6.232559006181812,0.015965622389301028,0.09794296324487917,0.9750504624182013,0.0025061591543584782,0.02494953758179871,0.0,False,0.015965622389301028,3,36,22,22,20,2,0.0025061591543797945,random_07,3.8387227840885885e-09,1.687538997430238e-14,9.575673587391975e-16,3.1885605267234496e-13,9.367506770274758e-17,1.2079226507921703e-13,0.0,0.0,True,0,False,,,,9.819700608204585e-12,9.483747120953012e-12,369,0.0,0.0,2.119993069982229e-11,1.2836953722228372e-16,1.865174681370263e-13,6.661338147750939e-16,4.440892098500626e-16,0.0
K2_B4_lambda2_rho1_muvm1_muc1_hvm1_hc1_cb10,2,4,2.0,1.0,1.0,1.0,0.5,1.0,1.0,10.0,225,11.601107533051296,11.649161819311063,0.004142215398216163,11.64988999371635,0.004204983060977033,11.648741257403179,0.0041059635225494905,0.047633724351882734,0.9912481915637985,0.00042056190788386516,0.008751808436201458,0.0,False,0.0041059635225494905,3,36,22,22,20,2,0.00042056190794248494,random_03,4.643418982652747e-11,1.7763568394002505e-14,3.5908775952719907e-16,1.758593271006248e-13,1.5439038936193583e-16,2.2382096176443156e-13,1.7763568394002505e-15,5.329070518200751e-15,True,0,False,,,,9.976020010071807e-12,9.593881244995828e-12,369,0.0,0.0,4.2811976186385436e-11,2.250803710079907e-16,2.2026824808563106e-13,2.220446049250313e-16,0.0,1.7763568394002505e-15
K2_B4_lambda3_rho1p5_muvm1_muc1_hvm1_hc1_cb10,2,4,3.0,1.5,1.0,1.0,0.5,1.0,1.0,10.0,225,22.623603935271998,22.62817499703572,0.00020204834635549382,22.628382603936593,0.00021122490820948812,22.628172416789504,0.00020193429528631146,0.004568481517505774,0.9994355258469589,2.580246217576132e-06,0.0005644741530410644,0.0,False,0.00020193429528631146,4,36,22,22,20,11,2.570223731623855e-06,polish_03,4.883616289141912e-10,1.0658141036401503e-14,1.0408340855860843e-16,3.019806626980426e-13,1.5420065398175087e-16,2.7711166694643907e-13,0.0,0.0,True,3,False,,,,9.407585821463726e-12,8.735678846960582e-12,369,0.0,0.0,5.8058446938957786e-11,1.942890293094024e-16,3.090860900556436e-13,6.661338147750939e-16,4.440892098500626e-16,3.552713678800501e-15
K2_B4_lambda1_rho0p25_muvm2_muc1_hvm1_hc1_cb10,2,4,1.0,0.25,2.0,1.0,1.0,1.0,1.0,10.0,225,1.60817477034901,1.634565862450653,0.01641058707562958,1.6301368728602215,0.013656539647394971,1.6301207889818448,0.013646538322493441,0.02194601863283485,0.8315691729736548,0.0044450734688081806,0.16843082702634513,0.0,False,0.013646538322493441,2,36,22,22,21,2,0.004445073468806626,random_07_reflected,3.575051366055959e-11,5.773159728050814e-15,5.84601811404184e-16,1.1524114995609125e-13,2.393918396847994e-16,1.2922996006636822e-13,2.220446049250313e-16,1.5543122344752192e-15,True,0,False,,,,9.64917035162216e-12,8.902212300654355e-12,369,0.0,2.220446049250313e-16,5.371258993136507e-13,3.5388358909926865e-16,9.281464485866309e-14,1.5543122344752192e-15,4.440892098500626e-16,2.220446049250313e-16
K2_B4_lambda2_rho0p5_muvm2_muc1_hvm1_hc1_cb10,2,4,2.0,0.5,2.0,1.0,1.0,1.0,1.0,10.0,225,5.0819927549147765,5.154249337392514,0.0142181592856185,5.15189933175297,0.01375574114516147,5.150770944038258,0.013533704678537015,0.06877818912348133,0.9518605331863315,0.0034783933542561485,0.04813946681366856,0.0,False,0.013533704678537015,3,36,22,22,20,2,0.0034783933542517076,random_08_reflected,1.987066067243859e-11,7.105427357601002e-15,1.0685896612017132e-15,2.1671553440683056e-13,1.7780915628762273e-16,3.6859404417555197e-13,8.881784197001252e-16,1.0658141036401503e-14,True,0,False,,,,9.72022462519817e-12,9.439671266875393e-12,369,0.0,1.1102230246251565e-16,1.9836576825582597e-11,1.7564075194265172e-16,1.8562928971732617e-13,8.881784197001252e-16,4.440892098500626e-16,0.0
K2_B4_lambda3_rho0p75_muvm2_muc1_hvm1_hc1_cb10,2,4,3.0,0.75,2.0,1.0,1.0,1.0,1.0,10.0,225,14.440769622585883,14.472526857570346,0.002199137290771079,14.473765661755538,0.00228492248211258,14.472195973977213,0.002176224135739832,0.03142635139132999,0.9895808437575025,0.00033088359313282467,0.010419156242497467,0.0,False,0.002176224135739832,3,36,22,22,20,2,0.00033088359315947,random_05_reflected,1.5547707565843893e-10,1.2434497875801753e-14,7.216449660063518e-16,1.3251622021925868e-12,3.1913490947110823e-16,2.0605739337042905e-13,1.7763568394002505e-15,1.0658141036401503e-14,True,0,False,,,,9.86233317235019e-12,9.540812584418745e-12,369,0.0,2.220446049250313e-16,6.643574579356937e-11,1.5265566588595902e-16,2.007283228522283e-13,8.881784197001252e-16,4.440892098500626e-16,1.7763568394002505e-15
K2_B4_lambda4_rho1_muvm2_muc1_hvm1_hc1_cb10,2,4,4.0,1.0,2.0,1.0,1.0,1.0,1.0,10.0,225,25.20711881493195,25.212824107171123,0.00022633654726911498,25.213236828660886,0.0002427097588524403,25.212816838692323,0.0002260481970275211,0.0056980237603738715,0.9987260111322145,7.268478800170897e-06,0.0012739888677855277,0.0,False,0.0002260481970275211,4,36,22,22,10,7,7.2684788570143155e-06,random_04_reflected,1.0364853419986275e-09,3.907985046680551e-14,1.3877787807814457e-15,2.9807267765136203e-12,1.707144083214207e-16,2.3092638912203256e-13,0.0,1.0658141036401503e-14,True,0,False,,,,9.819700608204585e-12,9.275247236928408e-12,369,0.0,1.1102230246251565e-16,8.712319754522468e-11,1.8092793159941306e-16,3.410605131648481e-13,8.881784197001252e-16,4.440892098500626e-16,3.552713678800501e-15
K2_B4_lambda6_rho1p5_muvm2_muc1_hvm1_hc1_cb10,2,4,6.0,1.5,2.0,1.0,1.0,1.0,1.0,10.0,225,45.80142779325469,45.8016997020617,5.936688442015079e-06,45.801722283195765,6.4297109340281915e-06,45.80169968607538,5.9363394066893055e-06,0.0002718928206917326,0.9999412070670065,1.5986316270755196e-08,5.8792932993467385e-05,0.0,False,5.9363394066893055e-06,4,36,22,22,22,9,1.5986330481609912e-08,always_vm2_when_both_feasible,1.424022011420334e-10,7.105427357601002e-15,7.771561172376096e-16,4.476419235288631e-13,1.6653345369377348e-16,3.694822225952521e-13,0.0,7.105427357601002e-15,True,0,False,,,,9.094947017729282e-12,8.057998712729386e-12,369,0.0,0.0,9.537615142107825e-11,1.942890293094024e-16,3.055333763768431e-13,0.0,0.0,0.0
K2_B4_lambda1_rho0p25_muvm4_muc1_hvm1_hc1_cb10,2,4,1.0,0.25,4.0,1.0,2.0,1.0,1.0,10.0,225,1.2819446748105916,1.2906175173723045,0.0067653797641417535,1.2882251374710245,0.004899168258849284,1.2882230114883493,0.0048975098544602235,0.006278336677757679,0.7239076038891831,0.002394505883955178,0.27609239611081693,0.0,False,0.0048975098544602235,2,36,22,22,18,4,0.002394505883964282,random_05,7.721379091663039e-12,5.551115123125783e-15,3.434752482434078e-16,1.1013412404281553e-13,4.3368086899420177e-16,6.328271240363392e-14,2.220446049250313e-16,1.1102230246251565e-15,True,0,False,,,,9.968914582714206e-12,9.27059817801279e-12,369,0.0,2.220446049250313e-16,5.000444502911705e-13,2.437286483747414e-16,9.747758156208874e-14,2.220446049250313e-16,5.551115123125783e-16,2.220446049250313e-16
K2_B4_lambda2_rho0p5_muvm4_muc1_hvm1_hc1_cb10,2,4,2.0,0.5,4.0,1.0,2.0,1.0,1.0,10.0,225,3.1421305250832394,3.1711282362790914,0.009228678110080655,3.1678509569877726,0.008185666285728803,3.167585632286918,0.008101225267528963,0.025455107203678384,0.8778315995960293,0.003542603992173543,0.12216840040397073,0.0,False,0.008101225267528963,2,36,22,22,20,2,0.0035426039921757635,random_02_reflected,4.0039083160081645e-12,9.325873406851315e-15,8.326672684688674e-16,1.3677947663381929e-13,1.2663481374630692e-16,1.9229062786507711e-13,0.0,2.6645352591003757e-15,True,0,False,,,,9.897860309138196e-12,9.618861263049894e-12,369,0.0,1.1102230246251565e-16,1.0437428699106022e-11,4.874572967494828e-16,1.829647544582258e-13,4.440892098500626e-16,0.0,8.881784197001252e-16
K2_B4_lambda3_rho0p75_muvm4_muc1_hvm1_hc1_cb10,2,4,3.0,0.75,4.0,1.0,2.0,1.0,1.0,10.0,225,8.528411899618252,8.566466877489944,0.004462141172308445,8.566244398976567,0.004436054426499736,8.564804536715663,0.00426722319767876,0.036392637097410585,0.9563173895439876,0.0016623407742812901,0.043682610456012454,0.0,False,0.00426722319767876,3,36,22,22,20,2,0.0016623407743381335,random_08_reflected,9.980582471591504e-10,2.3092638912203256e-14,9.575673587391975e-16,3.0730973321624333e-13,8.326672684688674e-17,3.943512183468556e-13,0.0,2.3092638912203256e-14,True,0,False,,,,9.9333874459262e-12,9.733991390703522e-12,369,0.0,0.0,6.217781844952697e-11,2.242130092700023e-16,3.6770586575585185e-13,0.0,0.0,0.0
K2_B4_lambda4_rho1_muvm4_muc1_hvm1_hc1_cb10,2,4,4.0,1.0,4.0,1.0,2.0,1.0,1.0,10.0,225,18.453282958764845,18.468797670289643,0.0008407561711087662,18.469702412132733,0.0008897849452901416,18.468581606734244,0.0008290474927190201,0.015298647969398615,0.9860736337215283,0.00021606355539915967,0.013926366278471679,0.0,False,0.0008290474927190201,3,36,22,22,20,2,0.00021606355541337052,random_02_reflected,1.9427071062949608e-11,2.1316282072803006e-14,1.0547118733938987e-15,2.7426949600339867e-12,1.6653345369377348e-16,5.755396159656812e-13,3.552713678800501e-15,3.552713678800501e-15,True,0,False,,,,9.805489753489383e-12,9.541700762838445e-12,369,0.0,0.0,1.1145928624500812e-10,6.136584296267955e-17,3.588240815588506e-13,0.0,4.440892098500626e-16,0.0
K2_B4_lambda6_rho1p5_muvm4_muc1_hvm1_hc1_cb10,2,4,6.0,1.5,4.0,1.0,2.0,1.0,1.0,10.0,225,39.39905543103276,39.400225338862796,2.969380400724232e-05,39.40034780783226,3.280222800688861e-05,39.400224519341634,2.9673003479080473e-05,0.0011690883088775195,0.9992994993784976,8.195211620432019e-07,0.0007005006215023694,0.0,False,2.9673003479080473e-05,4,36,22,22,10,7,8.195211975703387e-07,random_07_reflected,2.1490442758675954e-10,1.4210854715202004e-14,3.3306690738754696e-16,9.450218385609332e-13,2.220446049250313e-16,5.400124791776761e-13,0.0,1.4210854715202004e-14,True,0,False,,,,9.762857189343777e-12,9.176659432341694e-12,369,0.0,2.220446049250313e-16,1.4378542800841387e-10,2.220446049250313e-16,4.050093593832571e-13,8.881784197001252e-16,0.0,7.105427357601002e-15
K4_B1_lambda0p5_rho0p25_muvm1_muc1_hvm1_hc1_cb10,4,1,0.5,0.25,1.0,1.0,0.25,1.0,1.0,10.0,100,1.3076939453682443,1.3076939453682448,0.0,1.3076939453682443,0.0,1.3076939453682435,0.0,0.0,0.0,0.0,0.0,0.0,True,0.0,5,25,22,22,22,1,2.4424906541753444e-15,random_07_reflected,1.1102230246251565e-16,0.0,1.5265566588595902e-16,3.9745984281580604e-14,6.375101655937854e-17,4.285460875053104e-14,0.0,2.220446049250313e-16,True,0,False,,,,9.203304784932698e-12,8.121558980889176e-12,125,0.0,2.220446049250313e-16,1.074007549561884e-11,1.8735013540549517e-16,6.17284001691587e-14,0.0,1.6653345369377348e-16,0.0
K4_B1_lambda1_rho0p5_muvm1_muc1_hvm1_hc1_cb10,4,1,1.0,0.5,1.0,1.0,0.25,1.0,1.0,10.0,100,3.60007959192004,3.60007959192004,0.0,3.60007959192004,0.0,3.600079591920042,0.0,0.0,0.0,0.0,0.0,0.0,True,4.934215463977732e-16,5,25,22,22,22,1,8.881784197001252e-15,random_02_reflected,2.220446049250313e-16,5.773159728050814e-15,5.759281940243e-16,4.796163466380676e-14,5.423111504136713e-16,8.171241461241152e-14,8.881784197001252e-16,6.217248937900877e-15,True,0,False,,,,8.885336910680053e-12,7.901457266257239e-12,125,0.0,2.220446049250313e-16,1.5437873202017727e-11,2.1510571102112408e-16,5.5067062021407764e-14,4.440892098500626e-16,3.3306690738754696e-16,1.3322676295501878e-15
K4_B1_lambda1p5_rho0p75_muvm1_muc1_hvm1_hc1_cb10,4,1,1.5,0.75,1.0,1.0,0.25,1.0,1.0,10.0,100,6.724711079440894,6.724711079440891,0.0,6.724711079440894,0.0,6.724711079440889,0.0,0.0,0.0,0.0,0.0,0.0,True,0.0,3,25,22,22,22,1,9.769962616701378e-15,random_08,0.0,8.881784197001252e-16,4.579669976578771e-16,7.194245199571014e-14,2.194425197110661e-16,5.417888360170764e-14,0.0,4.440892098500626e-15,True,0,False,,,,9.414691248821327e-12,8.416600749683312e-12,125,0.0,2.220446049250313e-16,1.9348966873167228e-11,9.540979117872439e-17,4.263256414560601e-14,2.220446049250313e-16,1.1102230246251565e-15,0.0
K4_B1_lambda2_rho1_muvm1_muc1_hvm1_hc1_cb10,4,1,2.0,1.0,1.0,1.0,0.25,1.0,1.0,10.0,100,10.40194075736854,10.40194075736854,0.0,10.40194075736854,0.0,10.40194075736854,0.0,0.0,0.0,0.0,0.0,0.0,True,0.0,0,25,22,22,22,1,7.105427357601002e-15,lowest_index_jsq,0.0,5.329070518200751e-15,2.0816681711721685e-16,4.440892098500626e-14,1.214306433183765e-16,1.2612133559741778e-13,0.0,3.552713678800501e-15,True,0,False,,,,9.620748642191757e-12,8.65618687839742e-12,125,0.0,2.220446049250313e-16,2.2026824808563106e-11,1.214306433183765e-16,1.2612133559741778e-13,6.661338147750939e-16,4.440892098500626e-16,0.0
K4_B1_lambda3_rho1p5_muvm1_muc1_hvm1_hc1_cb10,4,1,3.0,1.5,1.0,1.0,0.25,1.0,1.0,10.0,100,18.714019456494853,18.714019456494857,0.0,18.714019456494853,0.0,18.71401945649485,0.0,0.0,0.0,0.0,0.0,0.0,True,0.0,5,25,22,22,22,1,1.7763568394002505e-14,random_05,2.220446049250313e-16,7.105427357601002e-15,2.1723769294936315e-16,9.592326932761353e-14,2.636779683484747e-16,9.947598300641403e-14,3.552713678800501e-15,1.7763568394002505e-14,True,0,False,,,,9.50706180447014e-12,8.643086246706844e-12,125,0.0,2.220446049250313e-16,2.531663767513237e-11,9.71445146547012e-17,1.2079226507921703e-13,2.220446049250313e-16,0.0,0.0
K4_B1_lambda1_rho0p25_muvm2_muc1_hvm1_hc1_cb10,4,1,1.0,0.25,2.0,1.0,0.5,1.0,1.0,10.0,100,2.1539796507217157,2.1539796507217175,0.0,2.1539796507217157,0.0,2.1539796507217144,0.0,0.0,0.0,0.0,0.0,0.0,True,0.0,5,25,22,22,22,1,6.217248937900877e-15,random_04,2.220446049250313e-16,3.1086244689504383e-15,5.551115123125783e-16,6.261657858885883e-14,6.869504964868156e-16,8.526512829121202e-14,0.0,1.7763568394002505e-15,True,0,False,,,,9.684697488410166e-12,8.809952767308005e-12,125,0.0,2.220446049250313e-16,1.3921752639589613e-11,2.185751579730777e-16,5.062616992290714e-14,1.1102230246251565e-16,2.220446049250313e-16,4.440892098500626e-16
K4_B1_lambda2_rho0p5_muvm2_muc1_hvm1_hc1_cb10,4,1,2.0,0.5,2.0,1.0,0.5,1.0,1.0,10.0,100,6.406511843555336,6.406511843555338,0.0,6.406511843555336,0.0,6.406511843555334,0.0,0.0,0.0,0.0,0.0,0.0,True,0.0,5,25,22,22,22,1,7.993605777301127e-15,random_02_reflected,4.926614671774132e-16,1.7763568394002505e-15,1.691355389077387e-16,8.348877145181177e-14,1.2080722706919733e-16,7.194245199571014e-14,8.881784197001252e-16,7.993605777301127e-15,True,0,False,,,,9.968914582714206e-12,9.143685808510327e-12,125,0.0,1.1102230246251565e-16,2.7554847292776685e-11,2.1510571102112408e-16,2.220446049250313e-13,0.0,6.661338147750939e-16,0.0
K4_B1_lambda3_rho0p75_muvm2_muc1_hvm1_hc1_cb10,4,1,3.0,0.75,2.0,1.0,0.5,1.0,1.0,10.0,100,12.455173043791524,12.455173043791524,0.0,12.455173043791524,0.0,12.455173043791524,0.0,0.0,0.0,0.0,0.0,0.0,True,0.0,5,25,22,22,22,1,1.0658141036401503e-14,random_05_reflected,4.440892098500626e-16,3.552713678800501e-15,3.608224830031759e-16,1.2256862191861728e-13,3.677613769070831e-16,7.283063041541027e-14,1.7763568394002505e-15,1.7763568394002505e-15,True,0,False,,,,9.43600753089413e-12,8.709477583579428e-12,125,0.0,2.220446049250313e-16,3.7127634300304635e-11,3.5735303605122226e-16,1.1191048088221578e-13,4.440892098500626e-16,8.881784197001252e-16,0.0
K4_B1_lambda4_rho1_muvm2_muc1_hvm1_hc1_cb10,4,1,4.0,1.0,2.0,1.0,0.5,1.0,1.0,10.0,100,19.720519197350786,19.72051919735079,0.0,19.720519197350786,0.0,19.72051919735079,0.0,0.0,0.0,0.0,0.0,0.0,True,1.8015315130636951e-16,5,25,22,22,22,1,1.0658141036401503e-14,uniform_tie_jsq,3.3306690738754696e-16,3.552713678800501e-15,2.1510571102112408e-16,1.1723955140041653e-13,2.636779683484747e-16,1.3677947663381929e-12,3.552713678800501e-15,0.0,True,0,False,,,,9.72022462519817e-12,9.014788915351346e-12,125,0.0,1.1102230246251565e-16,4.8256509899147204e-11,5.065392549852277e-16,1.2434497875801753e-13,4.440892098500626e-16,1.7763568394002505e-15,3.552713678800501e-15
K4_B1_lambda6_rho1p5_muvm2_muc1_hvm1_hc1_cb10,4,1,6.0,1.5,2.0,1.0,0.5,1.0,1.0,10.0,100,36.38200480717903,36.38200480717902,0.0,36.38200480717903,0.0,36.382004807179015,0.0,0.0,0.0,0.0,0.0,0.0,True,0.0,5,25,22,22,22,1,2.1316282072803006e-14,always_vm1_when_both_feasible,2.220446049250313e-16,7.105427357601002e-15,2.498001805406602e-16,1.0658141036401503e-13,7.632783294297951e-17,2.5579538487363607e-13,0.0,0.0,True,0,False,,,,9.478640095039736e-12,8.851586130731448e-12,125,0.0,2.220446049250313e-16,6.334488489301293e-11,9.020562075079397e-17,3.552713678800501e-13,4.440892098500626e-16,4.440892098500626e-16,1.4210854715202004e-14
K4_B1_lambda2_rho0p25_muvm4_muc1_hvm1_hc1_cb10,4,1,2.0,0.25,4.0,1.0,1.0,1.0,1.0,10.0,100,3.8548535546152887,3.854853554615288,0.0,3.8548535546152887,0.0,3.8548535546152896,0.0,0.0,0.0,0.0,0.0,0.0,True,2.3040522995659293e-16,3,25,22,22,22,1,7.549516567451064e-15,random_07,3.1059631877883516e-16,3.1086244689504383e-15,7.576404781328705e-16,8.748557434046234e-14,3.7990444123892075e-16,5.284661597215745e-14,4.440892098500626e-16,3.552713678800501e-15,True,0,False,,,,9.396927680427325e-12,8.814254881528427e-12,125,0.0,2.220446049250313e-16,3.260813841166055e-11,1.5785983631388945e-16,4.085620730620576e-14,4.440892098500626e-16,6.661338147750939e-16,0.0
K4_B1_lambda4_rho0p5_muvm4_muc1_hvm1_hc1_cb10,4,1,4.0,0.5,4.0,1.0,1.0,1.0,1.0,10.0,100,12.34213869223723,12.34213869223723,0.0,12.34213869223723,0.0,12.342138692237231,0.0,0.0,0.0,0.0,0.0,0.0,True,1.4392617711527715e-16,4,25,22,22,22,1,1.0658141036401503e-14,random_02,7.771561172376096e-16,7.105427357601002e-15,1.8041124150158794e-16,1.438849039914203e-13,1.6306400674181987e-16,6.767919558114954e-13,1.7763568394002505e-15,3.552713678800501e-15,True,0,False,,,,9.951151014320203e-12,9.38082944657026e-12,125,0.0,2.220446049250313e-16,7.485390085548715e-11,1.457167719820518e-16,9.752199048307375e-13,8.881784197001252e-16,8.881784197001252e-16,1.7763568394002505e-15
K4_B1_lambda6_rho0p75_muvm4_muc1_hvm1_hc1_cb10,4,1,6.0,0.75,4.0,1.0,1.0,1.0,1.0,10.0,100,25.341378284416233,25.341378284416233,0.0,25.341378284416233,0.0,25.341378284416237,0.0,0.0,0.0,0.0,0.0,0.0,True,1.4019417724351852e-16,5,25,22,22,22,1,1.7763568394002505e-14,random_04_reflected,3.3306690738754696e-16,7.105427357601002e-15,1.8041124150158794e-16,1.2079226507921703e-13,1.734723475976807e-16,1.9895196601282805e-13,0.0,1.4210854715202004e-14,True,0,False,,,,9.727330052555772e-12,9.179323967600794e-12,125,0.0,1.1102230246251565e-16,1.0932765803772782e-10,3.469446951953614e-16,2.0250467969162855e-13,4.440892098500626e-16,8.881784197001252e-16,3.552713678800501e-15
K4_B1_lambda8_rho1_muvm4_muc1_hvm1_hc1_cb10,4,1,8.0,1.0,4.0,1.0,1.0,1.0,1.0,10.0,100,41.33057269524885,41.33057269524884,0.0,41.33057269524885,0.0,41.33057269524885,0.0,0.0,0.0,0.0,0.0,0.0,True,0.0,5,25,22,22,22,1,2.842170943040401e-14,random_07,6.661338147750939e-16,7.105427357601002e-15,2.3592239273284576e-16,1.4210854715202004e-13,3.3306690738754696e-16,4.121147867408581e-13,0.0,2.1316282072803006e-14,True,0,False,,,,9.620748642191757e-12,9.055423078052627e-12,125,0.0,2.220446049250313e-16,1.360831447527744e-10,3.469446951953614e-16,3.126388037344441e-13,1.7763568394002505e-15,8.881784197001252e-16,7.105427357601002e-15
K4_B1_lambda12_rho1p5_muvm4_muc1_hvm1_hc1_cb10,4,1,12.0,1.5,4.0,1.0,1.0,1.0,1.0,10.0,100,77.49295612624853,77.49295612624852,0.0,77.49295612624853,0.0,77.49295612624853,0.0,0.0,0.0,0.0,0.0,0.0,True,0.0,0,25,22,22,22,1,4.263256414560601e-14,lowest_index_jsq,0.0,0.0,1.942890293094024e-16,1.8474111129762605e-13,1.942890293094024e-16,4.405364961712621e-13,0.0,1.4210854715202004e-14,True,0,False,,,,9.620748642191757e-12,9.071410289607229e-12,125,0.0,2.220446049250313e-16,1.780762204361963e-10,1.942890293094024e-16,4.405364961712621e-13,8.881784197001252e-16,8.881784197001252e-16,0.0
K4_B1_lambda2_rho0p25_muvm8_muc1_hvm1_hc1_cb10,4,1,2.0,0.25,8.0,1.0,2.0,1.0,1.0,10.0,100,2.6890395611220397,2.68903956112204,0.0,2.6890395611220397,0.0,2.68903956112204,0.0,0.0,0.0,0.0,0.0,0.0,True,1.651478900759497e-16,5,25,22,22,22,1,7.105427357601002e-15,uniform_tie_jsq,2.7755575615628914e-16,4.884981308350689e-15,6.661338147750939e-16,7.682743330406083e-14,1.8596777763557615e-16,5.861977570020827e-14,4.440892098500626e-16,0.0,True,0,False,,,,9.823253321883385e-12,9.41594024972403e-12,125,0.0,2.220446049250313e-16,4.828359934094806e-11,1.0061396160665481e-16,6.927791673660977e-14,2.220446049250313e-16,4.440892098500626e-16,0.0
K4_B1_lambda4_rho0p5_muvm8_muc1_hvm1_hc1_cb10,4,1,4.0,0.5,8.0,1.0,2.0,1.0,1.0,10.0,100,7.710295533472299,7.710295533472301,0.0,7.710295533472299,0.0,7.710295533472299,0.0,0.0,0.0,0.0,0.0,0.0,True,0.0,4,25,22,22,22,1,9.769962616701378e-15,random_04,1.5543122344752192e-15,4.440892098500626e-15,2.0729945537922845e-16,9.414691248821327e-14,2.983724378680108e-16,1.4210854715202004e-13,8.881784197001252e-16,4.440892098500626e-15,True,0,False,,,,9.901413022816996e-12,9.512834964198191e-12,125,0.0,1.1102230246251565e-16,1.1164846824840424e-10,1.2750217548429532e-16,1.0391687510491465e-13,0.0,4.440892098500626e-16,8.881784197001252e-16
K4_B1_lambda6_rho0p75_muvm8_muc1_hvm1_hc1_cb10,4,1,6.0,0.75,8.0,1.0,2.0,1.0,1.0,10.0,100,17.20067040644464,17.200670406444637,0.0,17.20067040644464,0.0,17.200670406444637,0.0,0.0,0.0,0.0,0.0,0.0,True,0.0,4,25,22,22,22,1,1.4210854715202004e-14,random_01_reflected,1.0384268936986741e-15,3.552713678800501e-15,1.457167719820518e-16,1.5276668818842154e-13,1.8041124150158794e-16,1.3855583347321954e-13,0.0,1.0658141036401503e-14,True,0,False,,,,9.990230864787009e-12,9.576561765811675e-12,125,0.0,2.220446049250313e-16,1.7789147932489868e-10,1.0408340855860843e-16,1.3855583347321954e-13,1.7763568394002505e-15,8.881784197001252e-16,3.552713678800501e-15
K4_B1_lambda8_rho1_muvm8_muc1_hvm1_hc1_cb10,4,1,8.0,1.0,8.0,1.0,2.0,1.0,1.0,10.0,100,31.09946436189697,31.099464361896974,0.0,31.09946436189697,0.0,31.099464361896967,0.0,0.0,0.0,0.0,0.0,0.0,True,0.0,5,25,22,22,22,1,2.842170943040401e-14,random_02,1.9845236565174673e-15,1.0658141036401503e-14,5.551115123125783e-16,3.019806626980426e-13,1.6653345369377348e-16,1.8474111129762605e-13,3.552713678800501e-15,1.4210854715202004e-14,True,0,False,,,,9.698908343125368e-12,9.22506515621535e-12,125,0.0,2.220446049250313e-16,2.1962520690976817e-10,2.220446049250313e-16,1.4210854715202004e-13,8.881784197001252e-16,0.0,3.552713678800501e-15
K4_B1_lambda12_rho1p5_muvm8_muc1_hvm1_hc1_cb10,4,1,12.0,1.5,8.0,1.0,2.0,1.0,1.0,10.0,100,65.76738444903148,65.76738444903144,0.0,65.76738444903148,0.0,65.76738444903148,0.0,0.0,0.0,0.0,0.0,0.0,True,0.0,5,25,22,22,22,1,4.263256414560601e-14,random_05,2.9976021664879227e-15,4.263256414560601e-14,3.3306690738754696e-16,2.4158453015843406e-13,5.551115123125783e-16,3.836930773104541e-13,0.0,4.263256414560601e-14,True,0,False,,,,9.755751761986176e-12,9.158895863947691e-12,125,0.0,1.1102230246251565e-16,2.7995383788947947e-10,5.551115123125783e-16,4.831690603168681e-13,2.6645352591003757e-15,0.0,0.0
K4_B2_lambda0p5_rho0p25_muvm1_muc1_hvm1_hc1_cb10,4,2,0.5,0.25,1.0,1.0,0.25,1.0,1.0,10.0,225,1.0643040281066105,1.0861436907539213,0.0205201352908185,1.0827692812488372,0.01734960373595151,1.082767478607685,0.017347910008309292,0.018463450501074563,0.8454091438700903,0.0033762121462361794,0.15459085612990978,0.0,False,0.017347910008309292,1,36,22,22,21,3,0.0033762121462417305,lowest_index_jsq,2.475797344914099e-13,4.218847493575595e-15,1.3183898417423734e-16,9.9253938401489e-14,2.0608884383227087e-16,5.839773109528323e-14,2.220446049250313e-16,0.0,True,0,False,,,,9.485745522397337e-12,8.69523897328861e-12,325,0.0,2.220446049250313e-16,4.488853733164433e-12,2.5355414907429183e-16,7.749356711883593e-14,8.881784197001252e-16,1.1657341758564144e-15,0.0
K4_B2_lambda1_rho0p5_muvm1_muc1_hvm1_hc1_cb10,4,2,1.0,0.5,1.0,1.0,0.25,1.0,1.0,10.0,225,2.6195531236391933,2.7061294024771545,0.03305001836255405,2.7002805799743066,0.03081726253482627,2.7002434514190754,0.030803088913037065,0.08069032777988205,0.9320142753063408,0.0058859510580790975,0.06798572469365917,0.0,False,0.030803088913037065,1,36,22,22,21,3,0.0058859510581288355,lowest_index_jsq_reflected,7.123190925995004e-13,1.7763568394002505e-15,7.216449660063518e-16,1.1057821325266559e-13,1.3877787807814457e-16,1.234568003383174e-13,0.0,3.9968028886505635e-15,True,0,False,,,,9.656275778979762e-12,8.96022145369102e-12,325,0.0,2.220446049250313e-16,1.7211121416949027e-11,2.0816681711721685e-16,9.681144774731365e-14,1.1102230246251565e-16,4.440892098500626e-16,4.440892098500626e-16
K4_B2_lambda1p5_rho0p75_muvm1_muc1_hvm1_hc1_cb10,4,2,1.5,0.75,1.0,1.0,0.25,1.0,1.0,10.0,225,5.1289131153447105,5.27752860205556,0.028976019552021882,5.272629300034644,0.028020787534879896,5.272451804557941,0.02798618069465654,0.14353868921323087,0.9658393777796761,0.005076797497618912,0.03416062222032394,0.0,False,0.02798618069465654,1,36,22,22,21,7,0.005076797497640229,random_01_reflected,2.9126762113307336e-10,3.2862601528904634e-14,3.623100687349235e-15,1.3145040611561853e-13,1.6414820891430537e-16,1.1723955140041653e-13,8.881784197001252e-16,8.881784197001252e-16,True,0,False,,,,9.407585821463726e-12,8.720357769220755e-12,325,0.0,2.220446049250313e-16,3.161382267080626e-11,1.216474837528736e-16,1.1102230246251565e-13,4.440892098500626e-16,2.220446049250313e-16,8.881784197001252e-16
K4_B2_lambda2_rho1_muvm1_muc1_hvm1_hc1_cb10,4,2,2.0,1.0,1.0,1.0,0.25,1.0,1.0,10.0,225,8.565337630073303,8.737692030091631,0.020122312448394762,8.734820058054954,0.019787010775452644,8.734420456283576,0.01974035741645668,0.16908282621027304,0.9810183331106882,0.003271573808055095,0.018981666889311768,0.0,False,0.01974035741645668,1,36,22,22,21,11,0.003271573808055095,always_vm1_when_both_feasible,4.154551147550478e-10,5.329070518200751e-15,4.605462129822664e-16,1.971756091734278e-13,1.1796119636642288e-16,1.9539925233402755e-13,3.552713678800501e-15,7.105427357601002e-15,True,0,False,,,,9.379164112033322e-12,8.630318681923654e-12,325,0.0,2.220446049250313e-16,4.376943252282217e-11,1.0755285551056204e-16,1.8829382497642655e-13,0.0,2.220446049250313e-16,0.0
K4_B2_lambda3_rho1p5_muvm1_muc1_hvm1_hc1_cb10,4,2,3.0,1.5,1.0,1.0,0.25,1.0,1.0,10.0,225,17.09154591464989,17.233699990323753,0.008317215796847188,17.233232105240027,0.008289840561975964,17.23259240007194,0.00825241239887816,0.14104648542205211,0.992208522713383,0.001107590251812951,0.00779147728661698,0.0,False,0.00825241239887816,3,36,22,22,20,12,0.0011075902517987402,always_vm1_when_both_feasible,9.3315398741467e-09,2.1316282072803006e-14,3.7404974950749903e-16,1.1723955140041653e-13,3.211948935988307e-16,1.4566126083082054e-13,7.105427357601002e-15,3.552713678800501e-15,True,0,False,,,,9.684697488410166e-12,8.824940778140444e-12,325,0.0,2.220446049250313e-16,4.924061158817494e-11,5.273559366969494e-16,2.7000623958883807e-13,2.220446049250313e-16,2.220446049250313e-16,3.552713678800501e-15
K4_B2_lambda1_rho0p25_muvm2_muc1_hvm1_hc1_cb10,4,2,1.0,0.25,2.0,1.0,0.5,1.0,1.0,10.0,225,1.5873934308878406,1.6238451738166129,0.02296326935685035,1.618887301131007,0.019839990282403817,1.6188847310962693,0.019838371254198406,0.03149130020842872,0.8639175435304585,0.004960442720343572,0.13608245646954148,0.0,False,0.019838371254198406,1,36,22,22,21,3,0.004960442720353786,lowest_index_jsq,1.8343437879764224e-11,1.9984014443252818e-15,4.49293380277993e-16,1.1790568521519162e-13,2.706168622523819e-16,1.0236256287043943e-13,2.220446049250313e-16,6.661338147750939e-16,True,0,False,,,,9.301004411099711e-12,8.460260270126696e-12,325,0.0,1.1102230246251565e-16,7.838618643063455e-12,1.942890293094024e-16,1.0857981180834031e-13,0.0,3.3306690738754696e-16,2.220446049250313e-16
K4_B2_lambda2_rho0p5_muvm2_muc1_hvm1_hc1_cb10,4,2,2.0,0.5,2.0,1.0,0.5,1.0,1.0,10.0,225,4.069579328519079,4.227726203841101,0.0388607427342059,4.219612998837721,0.03686712021245678,4.21945302639324,0.036827810880566025,0.1498736978741615,0.9476867473289321,0.008273177447860824,0.052313252671067886,0.0,False,0.036827810880566025,1,36,22,22,10,11,0.008273177447866153,random_06,7.659210488064616e-10,1.4210854715202004e-14,1.806016545081307e-15,9.325873406851315e-14,1.3501705179233547e-16,2.779998453661392e-13,8.881784197001252e-16,4.440892098500626e-15,True,0,False,,,,9.325873406851315e-12,8.592127009876549e-12,325,0.0,1.1102230246251565e-16,2.148592415096573e-11,2.8319360745321376e-16,5.568878691519785e-13,0.0,2.220446049250313e-16,8.881784197001252e-16
K4_B2_lambda3_rho0p75_muvm2_muc1_hvm1_hc1_cb10,4,2,3.0,0.75,2.0,1.0,0.5,1.0,1.0,10.0,225,8.61613656127354,8.887936799250594,0.03154548863567216,8.881479521313443,0.030796048571528466,8.880259254560569,0.030654422827298893,0.2641226932870282,0.9717529876089592,0.007677544690025684,0.028247012391040816,0.0,False,0.030654422827298893,2,36,22,22,0,4,0.007677522575551876,polish_01,1.367571056398731e-10,2.842170943040401e-14,1.988426784338415e-15,1.4921397450962104e-13,2.9024092157436954e-16,1.3766765505351941e-12,1.7763568394002505e-15,2.3092638912203256e-14,True,3,False,,,,9.35784782996052e-12,8.687162100784462e-12,325,0.0,2.220446049250313e-16,4.156319732828706e-11,1.4620466295967027e-16,8.402167850363185e-13,8.881784197001252e-16,1.3322676295501878e-15,0.0
K4_B2_lambda4_rho1_muvm2_muc1_hvm1_hc1_cb10,4,2,4.0,1.0,2.0,1.0,0.5,1.0,1.0,10.0,225,15.345285608450718,15.631842209883338,0.018673917758481613,15.628605488853633,0.018462991672627455,15.626146939392909,0.018302776377620445,0.2808613309421908,0.9801251464389364,0.005695270490429394,0.0198748535610636,0.0,False,0.018302776377620445,2,36,22,22,20,2,0.005695270490461368,random_04_reflected,4.2165507231628485e-09,2.3092638912203256e-14,2.551127711858392e-15,2.149391775674303e-13,1.8735013540549517e-16,6.625811010962934e-13,1.7763568394002505e-15,7.105427357601002e-15,True,0,False,,,,9.57811607804615e-12,8.90065798841988e-12,325,0.0,1.1102230246251565e-16,6.190248313941993e-11,1.1796119636642288e-16,1.6324719354088302e-12,8.881784197001252e-16,4.440892098500626e-16,1.7763568394002505e-15
K4_B2_lambda6_rho1p5_muvm2_muc1_hvm1_hc1_cb10,4,2,6.0,1.5,2.0,1.0,0.5,1.0,1.0,10.0,225,32.625939503983766,32.80663237545841,0.00553831933184895,32.806607600696154,0.005537559974030106,32.80570789044785,0.0055099834425345095,0.1797683864640831,0.9948836663946965,0.0009244850105645241,0.00511633360530349,0.0,False,0.0055099834425345095,4,36,22,22,20,2,0.0009244850105929459,random_07_reflected,1.4240153500821862e-10,2.1316282072803006e-14,8.344019919448442e-16,3.836930773104541e-13,1.7694179454963432e-16,5.755396159656812e-13,7.105427357601002e-15,1.4210854715202004e-14,True,0,False,,,,9.961809155356605e-12,9.269474077200357e-12,325,0.0,2.220446049250313e-16,8.834177833705326e-11,3.608224830031759e-16,9.876544027065393e-13,0.0,4.440892098500626e-16,0.0
K4_B2_lambda2_rho0p25_muvm4_muc1_hvm1_hc1_cb10,4,2,2.0,0.25,4.0,1.0,1.0,1.0,1.0,10.0,225,2.641595671760652,2.6970916423021802,0.02100850297976883,2.6909882121831665,0.018697994151994402,2.6867825516665325,0.017105903219383604,0.04518687990588033,0.814237132262902,0.010309090635647777,0.1857628677370981,0.0,False,0.017105903219383604,1,36,22,22,15,5,0.01030909063567087,random_01,1.1718404024918527e-12,2.353672812205332e-14,2.653198570134324e-15,1.0391687510491465e-13,1.802486111757151e-16,9.103828801926284e-14,4.440892098500626e-16,2.398081733190338e-14,True,0,False,,,,9.450218385609332e-12,8.871542389599085e-12,325,0.0,2.220446049250313e-16,2.2152946144160524e-11,1.717376241217039e-16,1.1146639167236572e-13,2.220446049250313e-16,2.220446049250313e-16,0.0
K4_B2_lambda4_rho0p5_muvm4_muc1_hvm1_hc1_cb10,4,2,4.0,0.5,4.0,1.0,1.0,1.0,1.0,10.0,225,7.629927540809672,7.847103558964178,0.028463706502179893,7.837209902877472,0.027167015801804528,7.828868763953851,0.026073802415568934,0.19894122314417917,0.9160367928039194,0.018234795010326543,0.08396320719608068,0.0,False,0.026073802415568934,1,36,22,22,20,2,0.018234795010359406,random_03,1.2568504570431571e-09,1.865174681370263e-14,1.465841337200402e-15,1.6608936448392342e-13,6.266688556966216e-17,4.938272013532696e-13,0.0,9.769962616701378e-15,True,0,False,,,,9.904965736495797e-12,9.4020347063406e-12,325,0.0,1.1102230246251565e-16,6.73514577442802e-11,3.408189529208183e-16,2.9665159217984183e-13,4.440892098500626e-16,0.0,8.881784197001252e-16
K4_B2_lambda6_rho0p75_muvm4_muc1_hvm1_hc1_cb10,4,2,6.0,0.75,4.0,1.0,1.0,1.0,1.0,10.0,225,19.25569495857461,19.490474810201412,0.012192748801426801,19.486195382875287,0.011970506636948628,19.48315301783435,0.011812508442259631,0.22745805925973883,0.9688142218494099,0.0073217923670618745,0.03118577815059013,0.0,False,0.011812508442259631,2,36,22,22,20,2,0.007321792367090296,random_03_reflected,8.506169768551786e-09,2.842170943040401e-14,2.220446049250313e-15,2.948752353404416e-13,1.960237527853792e-16,4.050093593832571e-13,0.0,1.4210854715202004e-14,True,0,False,,,,9.521272659185342e-12,9.013345625419333e-12,325,0.0,1.1102230246251565e-16,1.197832943944377e-10,2.3245294578089215e-16,2.2737367544323206e-13,8.881784197001252e-16,8.881784197001252e-16,0.0
K4_B2_lambda8_rho1_muvm4_muc1_hvm1_hc1_cb10,4,2,8.0,1.0,4.0,1.0,1.0,1.0,1.0,10.0,225,36.11294524331622,36.263567153352994,0.004170856434498455,36.263276134520055,0.004162797860738306,36.262061190489746,0.004129154965590231,0.14911594717352727,0.9900017011941964,0.0015059628632485555,0.009998298805803616,0.0,False,0.004129154965590231,3,36,22,22,9,3,0.0015059628632982935,lowest_index_jsq_reflected,1.2938666249517894e-09,2.842170943040401e-14,1.0824674490095276e-15,2.0392576516314875e-12,2.7755575615628914e-16,4.263256414560601e-13,0.0,7.105427357601002e-15,True,0,False,,,,9.514167231827741e-12,8.916867244579407e-12,325,0.0,2.220446049250313e-16,1.5627676930307643e-10,1.249000902703301e-16,3.197442310920451e-13,0.0,0.0,0.0
K4_B2_lambda12_rho1p5_muvm4_muc1_hvm1_hc1_cb10,4,2,12.0,1.5,4.0,1.0,1.0,1.0,1.0,10.0,225,74.57623260099248,74.62782769039634,0.0006918436022360077,74.6284415890363,0.0007000754291672424,74.62779461534826,0.0006914000956800131,0.051562014355781116,0.9993589496895523,3.307504807992245e-05,0.0006410503104477096,0.0,False,0.0006914000956800131,3,36,22,22,2,7,3.307504816518758e-05,random_05,4.346101478702735e-09,1.4210854715202004e-14,1.3322676295501878e-15,7.105427357601002e-13,2.498001805406602e-16,3.694822225952521e-13,1.4210854715202004e-14,2.842170943040401e-14,True,0,False,,,,9.563905223330949e-12,8.915534976949857e-12,325,0.0,2.220446049250313e-16,1.9606716250564205e-10,1.6653345369377348e-16,6.536993168992922e-13,0.0,8.881784197001252e-16,2.842170943040401e-14
K4_B2_lambda2_rho0p25_muvm8_muc1_hvm1_hc1_cb10,4,2,2.0,0.25,8.0,1.0,2.0,1.0,1.0,10.0,225,2.26609644046987,2.2815540833772467,0.006821264369565673,2.2787362678004244,0.005577797619210555,2.2759258397297675,0.004337590882874936,0.009829399259897453,0.6358925043614929,0.00562824364747927,0.36410749563850703,0.0,False,0.004337590882874936,2,36,22,22,21,2,0.005627455982495366,random_02_reflected,2.4878850368725836e-10,2.3092638912203256e-14,2.470402083853268e-15,1.4832579608992091e-13,1.730386667286865e-16,1.3145040611561853e-13,4.440892098500626e-16,1.199040866595169e-14,True,0,False,,,,9.976020010071807e-12,9.563044800486864e-12,325,0.0,2.220446049250313e-16,3.29758442774164e-11,8.326672684688674e-17,1.0480505352461478e-13,0.0,4.440892098500626e-16,4.440892098500626e-16
K4_B2_lambda4_rho0p5_muvm8_muc1_hvm1_hc1_cb10,4,2,4.0,0.5,8.0,1.0,2.0,1.0,1.0,10.0,225,5.114155125239896,5.183162439170956,0.013493394752632351,5.1760701428223586,0.01210659748604286,5.172130396951791,0.01133623644417222,0.05797527171189465,0.8401322759760435,0.011032042219165206,0.1598677240239565,0.0,False,0.01133623644417222,1,36,22,22,4,3,0.011032042219190963,random_08_reflected,1.624393120014389e-09,1.0658141036401503e-14,1.6670692604137116e-15,1.9984014443252818e-13,3.3133218391157016e-16,2.5224267119483557e-13,0.0,3.552713678800501e-15,True,0,False,,,,9.805489753489383e-12,9.464679040505075e-12,325,0.0,2.220446049250313e-16,7.938449897437749e-11,3.2276698674893467e-16,2.1227464230832993e-13,4.440892098500626e-16,0.0,0.0
K4_B2_lambda6_rho0p75_muvm8_muc1_hvm1_hc1_cb10,4,2,6.0,0.75,8.0,1.0,2.0,1.0,1.0,10.0,225,12.21565236337803,12.334744597631556,0.009749150574271278,12.327423353110571,0.009149817497068394,12.327334388981585,0.00914253469903683,0.11168202560355489,0.9377775663004577,0.007410208649970329,0.062222433699542265,0.0,False,0.00914253469903683,1,36,22,22,20,2,0.007410208650044936,always_vm2_when_both_feasible,2.556913347717682e-09,3.907985046680551e-14,1.6653345369377348e-15,3.6060043839825084e-13,1.3877787807814457e-16,3.6415315207705135e-13,1.7763568394002505e-15,1.9539925233402755e-14,True,0,False,,,,9.919176591210999e-12,9.580558568700326e-12,325,0.0,1.1102230246251565e-16,1.6343193465218064e-10,1.942890293094024e-16,2.1671553440683056e-13,8.881784197001252e-16,0.0,0.0
K4_B2_lambda8_rho1_muvm8_muc1_hvm1_hc1_cb10,4,2,8.0,1.0,8.0,1.0,2.0,1.0,1.0,10.0,225,26.11152045240879,26.212430090177552,0.003864563840802806,26.209512362267663,0.0037528228215386555,26.209045653553506,0.0037349491509874664,0.09752520114471608,0.9664607197203361,0.003384436624045861,0.033539280279663866,0.0,False,0.0037349491509874664,1,36,22,22,20,2,0.00338443662407073,random_02_reflected,1.6601664487581047e-11,3.907985046680551e-14,1.887379141862766e-15,9.059419880941277e-13,3.616898447411643e-16,4.760636329592671e-13,3.552713678800501e-15,7.105427357601002e-15,True,0,False,,,,9.890754881780595e-12,9.492628905150013e-12,325,0.0,2.220446049250313e-16,2.3134560933613102e-10,1.4181364416110398e-16,3.019806626980426e-13,0.0,8.881784197001252e-16,0.0
K4_B2_lambda12_rho1p5_muvm8_muc1_hvm1_hc1_cb10,4,2,12.0,1.5,8.0,1.0,2.0,1.0,1.0,10.0,225,63.06584940397525,63.10457839742189,0.0006141040485882725,63.10495383206347,0.0006200571063070117,63.104331038092774,0.0006101818096673124,0.03848163411752381,0.9936130710585988,0.0002473593291156817,0.006386928941401265,0.0,False,0.0006101818096673124,3,36,22,22,20,2,0.0002473593291725251,random_08,2.585884006922612e-10,6.394884621840902e-14,2.886579864025407e-15,7.958078640513122e-13,3.3306690738754696e-16,8.597567102697212e-13,7.105427357601002e-15,0.0,True,0,False,,,,9.407585821463726e-12,8.765432824020536e-12,325,0.0,2.220446049250313e-16,2.8208546609675977e-10,2.220446049250313e-16,6.039613253960852e-13,1.7763568394002505e-15,8.881784197001252e-16,0.0
K4_B3_lambda0p5_rho0p25_muvm1_muc1_hvm1_hc1_cb10,4,3,0.5,0.25,1.0,1.0,0.25,1.0,1.0,10.0,400,1.0511762130512834,1.0744025583868613,0.022095577361057297,1.0709452764019862,0.018806612160028362,1.0709452412090683,0.018806578680467586,0.019769028157784918,0.8511467418639868,0.0034573171777929623,0.14885325813601327,0.0,False,0.018806578680467586,3,49,22,22,19,8,0.0034573171777974032,random_03,7.543593527614689e-11,2.220446049250313e-15,1.5439038936193583e-16,1.3522516439934407e-13,2.0296264668928643e-16,2.220446049250313e-13,2.220446049250313e-16,2.220446049250313e-16,True,0,False,,,,9.706013770482969e-12,9.039519133224871e-12,625,0.0,2.220446049250313e-16,1.3173906410202108e-12,2.498001805406602e-16,8.992806499463768e-14,3.885780586188048e-16,3.885780586188048e-16,2.220446049250313e-16
K4_B3_lambda1_rho0p5_muvm1_muc1_hvm1_hc1_cb10,4,3,1.0,0.5,1.0,1.0,0.25,1.0,1.0,10.0,400,2.4527556844836385,2.5544131416400266,0.041446222222409984,2.547763234292631,0.03873502379793431,2.5477631854094938,0.038735003868049976,0.0950075009258553,0.9345846687832975,0.006649956230532883,0.06541533121670255,0.0,False,0.038735003868049976,1,49,22,22,21,3,0.006649956230524001,random_07_reflected,1.6808221481312557e-11,3.9968028886505635e-15,9.246076126956382e-16,2.0117241206207837e-13,2.081937377102524e-16,1.4521717162097048e-13,4.440892098500626e-16,3.9968028886505635e-15,True,0,False,,,,9.833911462919787e-12,9.370282327836321e-12,625,0.0,2.220446049250313e-16,1.006927874414032e-11,1.8041124150158794e-16,1.6697754290362354e-13,5.551115123125783e-16,7.771561172376096e-16,0.0
K4_B3_lambda1p5_rho0p75_muvm1_muc1_hvm1_hc1_cb10,4,3,1.5,0.75,1.0,1.0,0.25,1.0,1.0,10.0,400,4.789783712126242,4.984851882892537,0.040725882939649766,4.9782494724518385,0.03934744691048564,4.9782459620578745,0.039346714018527476,0.1884622499316322,0.9661353217764234,0.006605920834662271,0.03386467822357669,0.0,False,0.039346714018527476,1,49,22,22,21,9,0.006605920834662271,always_vm2_when_both_feasible,1.1647627307098674e-12,1.3322676295501878e-14,9.21578808164714e-16,1.6342482922482304e-13,1.3010426069826053e-16,3.623767952376511e-13,0.0,1.509903313490213e-14,True,0,False,,,,9.961809155356605e-12,9.547029833356646e-12,625,0.0,2.220446049250313e-16,2.90798496394018e-11,2.177733354093831e-16,3.304023721284466e-13,1.5543122344752192e-15,1.3322676295501878e-15,8.881784197001252e-16
K4_B3_lambda2_rho1_muvm1_muc1_hvm1_hc1_cb10,4,3,2.0,1.0,1.0,1.0,0.25,1.0,1.0,10.0,400,8.359903383916429,8.5843281950171,0.026845383348860413,8.58018541632733,0.02634982993161153,8.580161613184183,0.026346982632778744,0.2202582292677544,0.9814343975049689,0.004166581832917515,0.01856560249503109,0.0,False,0.026346982632778744,1,49,22,22,21,2,0.004166581832940608,random_01_reflected,2.1094237467877974e-15,3.375077994860476e-14,1.5331660569470155e-15,1.971756091734278e-13,1.2918268885164785e-16,2.042810365310288e-13,0.0,3.730349362740526e-14,True,0,False,,,,9.912071163853398e-12,9.464318218022072e-12,625,0.0,2.220446049250313e-16,5.020517335196928e-11,1.0204332970514644e-16,3.0730973321624333e-13,4.440892098500626e-16,6.661338147750939e-16,3.552713678800501e-15
K4_B3_lambda3_rho1p5_muvm1_muc1_hvm1_hc1_cb10,4,3,3.0,1.5,1.0,1.0,0.25,1.0,1.0,10.0,400,17.631263159528856,17.76838626122109,0.0077772704344285055,17.7678318052556,0.007745823114944253,17.767715414539346,0.007739221732207172,0.1364522550104894,0.9951077048763922,0.0006708466817428871,0.004892295123607819,0.0,False,0.007739221732207172,3,49,22,22,19,5,0.0006708466817570979,random_01,1.2651268921359815e-12,1.4210854715202004e-14,9.308282226602738e-16,4.511946372076636e-13,1.249000902703301e-16,2.6290081223123707e-13,0.0,3.552713678800501e-15,True,0,False,,,,9.919176591210999e-12,9.354739205491569e-12,625,0.0,2.220446049250313e-16,7.877432040004351e-11,1.4354836763708079e-16,3.481659405224491e-13,2.220446049250313e-16,2.220446049250313e-16,0.0
K4_B3_lambda1_rho0p25_muvm2_muc1_hvm1_hc1_cb10,4,3,1.0,0.25,2.0,1.0,0.5,1.0,1.0,10.0,400,1.5528690776766432,1.5901088767500753,0.023981287031067163,1.5850133462660616,0.020699921874619165,1.5850133366206167,0.020699915663248854,0.03214425894397355,0.8631695053077271,0.0050955401294585645,0.13683049469227299,0.0,False,0.020699915663248854,2,49,22,22,19,4,0.005095540129461451,random_07_reflected,7.624514908322055e-11,1.3322676295501878e-15,8.881784197001252e-16,4.74953409934642e-13,7.858941091214849e-16,1.0902390101819037e-13,2.220446049250313e-16,3.774758283725532e-15,True,0,False,,,,9.460876526645734e-12,8.608974644275236e-12,625,0.0,1.1102230246251565e-16,2.6207924719301445e-12,1.457167719820518e-16,1.0502709812953981e-13,4.440892098500626e-16,3.3306690738754696e-16,2.220446049250313e-16
K4_B3_lambda2_rho0p5_muvm2_muc1_hvm1_hc1_cb10,4,3,2.0,0.5,2.0,1.0,0.5,1.0,1.0,10.0,400,3.584956367820581,3.7492127674152167,0.04581824232758869,3.7398835395437753,0.04321591557260144,3.7398785557392893,0.04321452537311931,0.15492218791870815,0.9431729192959113,0.009334211675927406,0.056827080704088755,0.0,False,0.04321452537311931,1,49,22,22,21,2,0.00933421167593007,random_01,8.973599641137753e-12,6.217248937900877e-15,3.7470027081099033e-16,1.9229062786507711e-13,1.715207836872068e-16,1.5778489625972725e-12,0.0,5.773159728050814e-15,True,0,False,,,,9.940492873283802e-12,9.309830684145481e-12,625,0.0,1.1102230246251565e-16,1.1620482354146588e-11,1.5742615544489524e-16,1.0795808691455022e-12,4.440892098500626e-16,0.0,4.440892098500626e-16
K4_B3_lambda3_rho0p75_muvm2_muc1_hvm1_hc1_cb10,4,3,3.0,0.75,2.0,1.0,0.5,1.0,1.0,10.0,400,7.475675184345838,7.793025572988467,0.04245106706978994,7.784273631990164,0.04128034458887876,7.784162906475618,0.0412655331488663,0.3084877221297804,0.9720729300167035,0.00886266651284906,0.027927069983296516,0.0,False,0.0412655331488663,2,49,22,22,21,2,0.008862666512861495,neutral_half,9.389128363679333e-11,2.042810365310288e-14,6.510634045775454e-16,2.8421709430404007e-13,2.09576279941448e-16,1.3642420526593924e-12,1.7763568394002505e-15,2.4868995751603507e-14,True,0,False,,,,9.876544027065393e-12,9.387490784718011e-12,625,0.0,2.220446049250313e-16,3.76090270037821e-11,2.7137580377312176e-16,2.049915792667889e-12,8.881784197001252e-16,4.440892098500626e-16,8.881784197001252e-16
K4_B3_lambda4_rho1_muvm2_muc1_hvm1_hc1_cb10,4,3,4.0,1.0,2.0,1.0,0.5,1.0,1.0,10.0,400,14.301618384136624,14.616963150272646,0.02204958611438008,14.613248639494675,0.021789859510145445,14.612764225275136,0.021755988223237373,0.3111458411385115,0.986684652962659,0.004198924997510289,0.013315347037341066,0.0,False,0.021755988223237373,2,49,22,22,20,2,0.004198924997536935,random_07_reflected,2.3592239273284576e-14,3.375077994860476e-14,7.39425881635114e-16,6.750155989720952e-13,3.703634621210483e-16,4.742872761198669e-13,3.552713678800501e-15,1.9539925233402755e-14,True,0,False,,,,9.769962616701378e-12,9.268807943385582e-12,625,0.0,2.220446049250313e-16,6.903100313593313e-11,2.3485174308751633e-16,8.704148513061227e-13,0.0,8.881784197001252e-16,1.7763568394002505e-15
K4_B3_lambda6_rho1p5_muvm2_muc1_hvm1_hc1_cb10,4,3,6.0,1.5,2.0,1.0,0.5,1.0,1.0,10.0,400,32.859949991401336,32.98273401784327,0.003736585919152763,32.983410093779185,0.0037571603855195966,32.98259414312356,0.0037323292261345507,0.12264415172222698,0.9988608068674685,0.00013987471970722254,0.0011391931325315406,0.0,False,0.0037323292261345507,3,49,22,22,20,2,0.00013987471972853882,random_01_reflected,1.6209383280063605e-09,1.4210854715202004e-14,4.891920202254596e-16,8.313350008393172e-13,1.942890293094024e-16,8.100187187665142e-13,0.0,2.842170943040401e-14,True,0,False,,,,9.592326932761353e-12,8.928413564035509e-12,625,0.0,2.220446049250313e-16,1.0135892125617829e-10,2.0816681711721685e-16,5.613287612504791e-13,8.881784197001252e-16,0.0,7.105427357601002e-15
K4_B3_lambda2_rho0p25_muvm4_muc1_hvm1_hc1_cb10,4,3,2.0,0.25,4.0,1.0,1.0,1.0,1.0,10.0,400,2.5619237657755933,2.613274771227063,0.020043924076688494,2.607168293677559,0.017660372453849448,2.6055764458163395,0.017039023808552253,0.04365268004074618,0.850084232177321,0.007698325410723683,0.14991576782267907,0.0,False,0.017039023808552253,3,49,22,22,2,3,0.007698325410752105,random_06,5.98649863015055e-09,2.042810365310288e-14,1.401719249027357e-15,1.8696155734687636e-13,4.145447006498326e-16,1.6830981053317373e-13,4.440892098500626e-16,7.993605777301127e-15,True,0,False,,,,9.904965736495797e-12,9.297035363786676e-12,625,0.0,2.220446049250313e-16,1.2320811038080137e-11,1.6306400674181987e-16,2.2071233729548112e-13,2.220446049250313e-16,4.440892098500626e-16,4.440892098500626e-16
K4_B3_lambda4_rho0p5_muvm4_muc1_hvm1_hc1_cb10,4,3,4.0,0.5,4.0,1.0,1.0,1.0,1.0,10.0,400,6.477492029585668,6.674633429995447,0.030434834888154925,6.664319781769663,0.028842606263453106,6.6641431558799695,0.02881533862825003,0.18665112629430158,0.9467880714366814,0.01049027411547776,0.053211928563318564,0.0,False,0.02881533862825003,2,49,22,22,20,2,0.010490274115496412,always_vm2_when_both_feasible,2.7146479508743937e-12,3.6415315207705135e-14,8.352693536828326e-16,7.247535904753022e-13,3.894454203567932e-16,1.8314239014216582e-12,8.881784197001252e-16,3.6415315207705135e-14,True,0,False,,,,9.727330052555772e-12,9.345413332084718e-12,625,0.0,2.220446049250313e-16,4.509193018975566e-11,2.0599841277224584e-16,8.979483823168266e-13,4.440892098500626e-16,1.3322676295501878e-15,8.881784197001252e-16
K4_B3_lambda6_rho0p75_muvm4_muc1_hvm1_hc1_cb10,4,3,6.0,0.75,4.0,1.0,1.0,1.0,1.0,10.0,400,17.76387416669101,17.98394796811189,0.01238884037095583,17.980812948360143,0.012212357486516834,17.979395060482652,0.012132538869013377,0.2155208937916413,0.9793119053706333,0.004552907629239655,0.020688094629366764,0.0,False,0.012132538869013377,2,49,22,22,20,2,0.004552907629246761,random_02_reflected,5.2581367593340644e-09,2.1316282072803006e-14,7.077671781985373e-16,2.2168933355715126e-12,1.6849857013140346e-16,4.476419235288631e-13,0.0,2.842170943040401e-14,True,0,False,,,,9.904965736495797e-12,9.514056209525279e-12,625,0.0,1.1102230246251565e-16,1.2245138236721687e-10,8.673617379884035e-17,4.583000645652646e-13,0.0,8.881784197001252e-16,3.552713678800501e-15
K4_B3_lambda8_rho1_muvm4_muc1_hvm1_hc1_cb10,4,3,8.0,1.0,4.0,1.0,1.0,1.0,1.0,10.0,400,35.851141466727334,35.95328358258803,0.0028490617503905695,35.954369657179065,0.0028793557534990714,35.95280297124512,0.002835656003090881,0.10166150451778577,0.9952946799774168,0.0004806113429083325,0.004705320022583156,0.0,False,0.002835656003090881,4,49,22,22,20,2,0.00048061134296517594,random_05,8.374634319352481e-11,2.842170943040401e-14,8.604228440844963e-16,9.450218385609332e-13,1.8041124150158794e-16,4.973799150320701e-13,0.0,3.552713678800501e-14,True,0,False,,,,9.833911462919787e-12,9.319212068703564e-12,625,0.0,2.220446049250313e-16,1.7193002577187144e-10,2.636779683484747e-16,4.831690603168681e-13,1.7763568394002505e-15,0.0,7.105427357601002e-15
K4_B3_lambda12_rho1p5_muvm4_muc1_hvm1_hc1_cb10,4,3,12.0,1.5,4.0,1.0,1.0,1.0,1.0,10.0,400,75.74423874784475,75.76118763151038,0.00022376465782510032,75.76170385285741,0.00023057997943319822,75.76118732065302,0.00022376055378544598,0.016948572808274776,0.9999816591248403,3.108573594090558e-07,1.8340875159781464e-05,0.0,False,0.00022376055378544598,5,49,22,22,4,11,3.108573736199105e-07,random_07_reflected,3.7146375975183332e-09,1.4210854715202004e-14,3.885780586188048e-16,1.3216094885137863e-12,2.220446049250313e-16,1.0800249583553523e-12,0.0,1.4210854715202004e-14,True,0,False,,,,9.336531547887716e-12,8.633538328695067e-12,625,0.0,2.220446049250313e-16,1.9677770524140215e-10,2.498001805406602e-16,6.963318810448982e-13,0.0,0.0,0.0
K4_B3_lambda2_rho0p25_muvm8_muc1_hvm1_hc1_cb10,4,3,2.0,0.25,8.0,1.0,2.0,1.0,1.0,10.0,400,2.2587648987402784,2.273958367401739,0.0067264497823275975,2.271061408663888,0.005443908717754315,2.268446492045118,0.004286233290697492,0.00968159330483953,0.6372207374473698,0.005511875356621232,0.36277926255263016,0.0,False,0.004286233290697492,3,49,22,22,8,11,0.005504444023109123,random_02,6.367684157737585e-12,7.549516567451064e-15,5.960985895972666e-16,2.55351295663786e-13,2.1293730667615307e-16,2.8066438062523957e-13,4.440892098500626e-16,9.769962616701378e-15,True,0,False,,,,9.656275778979762e-12,9.258260824651643e-12,625,0.0,2.220446049250313e-16,2.0232704400768853e-11,3.1051550219984847e-16,2.8421709430404007e-13,2.220446049250313e-16,0.0,0.0
K4_B3_lambda4_rho0p5_muvm8_muc1_hvm1_hc1_cb10,4,3,4.0,0.5,8.0,1.0,2.0,1.0,1.0,10.0,400,4.804220596355023,4.858486408440344,0.011295445535222179,4.85227210711307,0.010001936795846432,4.847779865637644,0.00906687534616328,0.043559269282621216,0.8027018781942131,0.010706542802699559,0.19729812180578687,0.0,False,0.00906687534616328,2,49,22,22,2,8,0.010706542802735086,random_08,8.910013837848396e-10,2.3092638912203256e-14,1.2299189444675562e-15,2.042810365310288e-13,1.2874900798265365e-16,3.375077994860476e-13,0.0,1.3322676295501878e-14,True,0,False,,,,9.919176591210999e-12,9.624273600294941e-12,625,0.0,1.1102230246251565e-16,4.652189744547286e-11,2.9284300678833475e-16,2.824407374646398e-13,8.881784197001252e-16,1.7763568394002505e-15,0.0
K4_B3_lambda6_rho0p75_muvm8_muc1_hvm1_hc1_cb10,4,3,6.0,0.75,8.0,1.0,2.0,1.0,1.0,10.0,400,10.903382902727252,11.003177281604893,0.009152607018201659,10.996780066756036,0.008565888666115119,10.996271909801127,0.008519283226368307,0.09288900707387526,0.9308040003712746,0.006905371803766158,0.0691959996287254,0.0,False,0.008519283226368307,2,49,22,22,20,2,0.006905371803807014,random_07_reflected,1.922535408649395e-09,3.552713678800501e-14,8.881784197001252e-16,6.750155989720952e-13,1.355523766150002e-16,5.826450433232822e-13,0.0,3.552713678800501e-15,True,0,False,,,,9.947598300641403e-12,9.715284132738589e-12,625,0.0,1.1102230246251565e-16,1.3735679260662437e-10,4.0245584642661925e-16,3.836930773104541e-13,1.7763568394002505e-15,1.7763568394002505e-15,3.552713678800501e-15
K4_B3_lambda8_rho1_muvm8_muc1_hvm1_hc1_cb10,4,3,8.0,1.0,8.0,1.0,2.0,1.0,1.0,10.0,400,25.22589482017254,25.305005029685926,0.0031360714883391133,25.303605693681767,0.0030805992835220277,25.30170979452501,0.003005442419106612,0.07581497435246831,0.9583462718505554,0.0032952351609161212,0.041653728149444604,0.0,False,0.003005442419106612,2,49,22,22,2,3,0.003295235160969412,random_07,8.497346160041275e-10,2.1316282072803006e-14,9.43689570931383e-16,1.3749001936957939e-12,2.0816681711721685e-16,6.146194664324867e-13,0.0,1.4210854715202004e-14,True,0,False,,,,9.848122317634989e-12,9.549028234800971e-12,625,0.0,2.220446049250313e-16,2.2780710651204572e-10,2.498001805406602e-16,9.308109838457312e-13,0.0,1.7763568394002505e-15,0.0
K4_B3_lambda12_rho1p5_muvm8_muc1_hvm1_hc1_cb10,4,3,12.0,1.5,8.0,1.0,2.0,1.0,1.0,10.0,400,63.961268535702125,63.97856384129748,0.00027040279205376046,63.97920823212352,0.0002804774957110169,63.97846878116461,0.0002689165780519537,0.01720024546248311,0.9945037031958187,9.506013287108317e-05,0.00549629680418124,0.0,False,0.0002689165780519537,3,49,22,22,9,4,9.506013294924287e-05,random_03_reflected,7.305384075451116e-11,4.263256414560601e-14,6.661338147750939e-16,1.6058265828178264e-12,3.3306690738754696e-16,1.5489831639570184e-12,7.105427357601002e-15,4.263256414560601e-14,True,0,False,,,,9.9333874459262e-12,9.397815858847025e-12,625,0.0,2.220446049250313e-16,3.070468324040121e-10,2.7755575615628914e-16,9.947598300641403e-13,0.0,8.881784197001252e-16,7.105427357601002e-15
K4_B4_lambda0p5_rho0p25_muvm1_muc1_hvm1_hc1_cb10,4,4,0.5,0.25,1.0,1.0,0.25,1.0,1.0,10.0,625,1.050540047097879,1.0738721631553585,0.022209639815192764,1.070415639215963,0.01891940452245527,1.0704156342950568,0.018919399838287217,0.019875587197177857,0.851855320289579,0.0034565288603016775,0.14814467971042106,0.0,False,0.018919399838287217,4,64,22,22,19,4,0.0034565288603014555,random_05_reflected,3.4279246108326333e-12,1.5543122344752192e-15,1.942890293094024e-16,2.0294876890147862e-13,1.5959455978986625e-16,3.566036355096003e-13,2.220446049250313e-16,2.220446049250313e-16,True,0,False,,,,9.684697488410166e-12,9.05997499245359e-12,1025,0.0,2.220446049250313e-16,3.7259084706420253e-13,3.469446951953614e-16,1.7319479184152442e-13,2.7755575615628914e-16,1.6653345369377348e-16,0.0
K4_B4_lambda1_rho0p5_muvm1_muc1_hvm1_hc1_cb10,4,4,1.0,0.5,1.0,1.0,0.25,1.0,1.0,10.0,625,2.4284172649113467,2.533133644254804,0.043121246441673686,2.526453374513186,0.040370372513151336,2.526452138046725,0.04036986334758138,0.0980348731353784,0.9361942587208406,0.006681506208078947,0.06380574127915936,0.0,False,0.04036986334758138,2,64,22,22,21,6,0.0066815062080727294,random_06,1.2332912469048551e-11,4.884981308350689e-15,2.0122792321330962e-16,2.5224267119483557e-13,2.8796409701215e-16,9.050538096744276e-13,4.440892098500626e-16,3.9968028886505635e-15,True,0,False,,,,9.976020010071807e-12,9.609646411945505e-12,1025,0.0,2.220446049250313e-16,5.465405905624721e-12,5.082739784612045e-16,2.402522625288839e-13,7.771561172376096e-16,5.551115123125783e-16,4.440892098500626e-16
K4_B4_lambda1p5_rho0p75_muvm1_muc1_hvm1_hc1_cb10,4,4,1.5,0.75,1.0,1.0,0.25,1.0,1.0,10.0,625,4.788201590570667,4.998786417220551,0.04397994166840969,4.991892761307232,0.04254022452556955,4.991859722116694,0.04253332440035277,0.2036581315460273,0.9671073400014077,0.006926695103857128,0.03289265999859221,0.0,False,0.04253332440035277,3,64,22,22,21,7,0.006926695103877556,random_08,5.782384571162424e-10,6.217248937900877e-15,1.1599965996648404e-15,5.053735208093713e-13,1.2663481374630692e-16,4.902744876744691e-13,0.0,2.930988785010413e-14,True,0,False,,,,9.990230864787009e-12,9.702350034501706e-12,1025,0.0,2.220446049250313e-16,2.389022313309397e-11,4.902762223979451e-16,6.217248937900877e-13,1.3322676295501878e-15,0.0,8.881784197001252e-16
K4_B4_lambda2_rho1_muvm1_muc1_hvm1_hc1_cb10,4,4,2.0,1.0,1.0,1.0,0.25,1.0,1.0,10.0,625,8.731955478750573,8.960704728197983,0.026196795208596482,8.956569635162278,0.025723236560047717,8.956421326829295,0.025706252010212993,0.22446584807872227,0.9812746866753183,0.004283401368688544,0.01872531332468172,0.0,False,0.025706252010212993,2,64,22,22,21,13,0.004283401368724071,always_vm2_when_both_feasible,4.479980969529507e-10,1.9539925233402755e-14,1.9981805804842852e-15,4.014566457044566e-13,2.80311577850181e-16,3.907985046680551e-13,0.0,2.842170943040401e-14,True,0,False,,,,9.947598300641403e-12,9.639400389005459e-12,1025,0.0,2.220446049250313e-16,5.1455728566907055e-11,2.26706674266719e-16,4.4586556668946287e-13,1.3322676295501878e-15,1.3322676295501878e-15,1.7763568394002505e-15
K4_B4_lambda3_rho1p5_muvm1_muc1_hvm1_hc1_cb10,4,4,3.0,1.5,1.0,1.0,0.25,1.0,1.0,10.0,625,18.975295243344238,19.06438918320725,0.004695259742757516,19.064084251512266,0.004679189811245326,19.063818216774386,0.004665169753350663,0.08852297343014826,0.9935914111134603,0.0005709664328641395,0.006408588886539722,0.0,False,0.004665169753350663,3,64,22,22,21,6,0.0005709664328854558,random_08,1.1123571508342422e-10,2.1316282072803006e-14,2.775506739586056e-15,5.719869022868806e-13,1.8116679489053877e-16,6.252776074688882e-13,3.552713678800501e-15,2.1316282072803006e-14,True,0,False,,,,9.876544027065393e-12,9.459544259016184e-12,1025,0.0,2.220446049250313e-16,8.828138220451365e-11,1.962202644291422e-16,5.222489107836736e-13,2.220446049250313e-16,6.661338147750939e-16,3.552713678800501e-15
K4_B4_lambda1_rho0p25_muvm2_muc1_hvm1_hc1_cb10,4,4,1.0,0.25,2.0,1.0,0.5,1.0,1.0,10.0,625,1.5508872129661084,1.5882434927900286,0.024087038381389085,1.5831430248952212,0.02079829639411544,1.5831429997356754,0.020798280171436208,0.032255786769566974,0.8634635708267918,0.005100493054353228,0.1365364291732082,0.0,False,0.020798280171436208,1,64,22,22,19,4,0.005100493054359667,random_01,9.769962616701378e-15,2.220446049250313e-16,1.0547118733938987e-15,1.7275070263167436e-13,3.677613769070831e-16,1.9029222642075183e-13,2.220446049250313e-16,6.661338147750939e-16,True,0,False,,,,9.485745522397337e-12,8.633399550816989e-12,1025,0.0,1.1102230246251565e-16,7.338574192772285e-13,6.522560269672795e-16,2.0872192862952943e-13,9.992007221626409e-16,1.1102230246251565e-16,0.0
K4_B4_lambda2_rho0p5_muvm2_muc1_hvm1_hc1_cb10,4,4,2.0,0.5,2.0,1.0,0.5,1.0,1.0,10.0,625,3.4823526643581144,3.6419829898489393,0.04583979305848071,3.6327940042486575,0.04320106387566959,3.632775612308326,0.04319578240589778,0.1504229479502115,0.942320624152692,0.009207377540613404,0.05767937584730802,0.0,False,0.04319578240589778,1,64,22,22,20,3,0.009207377540654704,random_02_reflected,4.229394612309534e-13,6.483702463810914e-14,7.53699445587533e-15,1.234123914173324e-12,2.7945310995813877e-16,5.8824056736739294e-12,0.0,2.4868995751603507e-14,True,0,False,,,,9.528378086542943e-12,9.05514552229647e-12,1025,0.0,1.1102230246251565e-16,6.008082920061497e-12,2.0816681711721685e-16,1.8316015371055983e-11,0.0,0.0,4.440892098500626e-16
K4_B4_lambda3_rho0p75_muvm2_muc1_hvm1_hc1_cb10,4,4,3.0,0.75,2.0,1.0,0.5,1.0,1.0,10.0,625,7.144322894821113,7.454993723839635,0.04348499271270705,7.4462383715395575,0.04225949486931807,7.445921033713161,0.04221507668846763,0.30159813889204834,0.9707964530975226,0.009072690126473937,0.02920354690247735,0.0,False,0.04221507668846763,3,64,22,22,21,2,0.009072690126505023,always_vm1_when_both_feasible,6.196043678130536e-11,4.973799150320701e-14,4.677817378243021e-15,3.161915174132446e-13,1.24683249835833e-16,2.029487689014786e-12,8.881784197001252e-16,5.062616992290714e-14,True,0,False,,,,9.976020010071807e-12,9.657386002004387e-12,1025,0.0,2.220446049250313e-16,3.381916968692167e-11,3.9080067307240007e-16,3.1592506388733455e-12,8.881784197001252e-16,4.440892098500626e-16,8.881784197001252e-16
K4_B4_lambda4_rho1_muvm2_muc1_hvm1_hc1_cb10,4,4,4.0,1.0,2.0,1.0,0.5,1.0,1.0,10.0,625,14.42706305268864,14.699956289822653,0.018915370102521107,14.697102936784896,0.01871759228541886,14.696039021987358,0.0186438479069787,0.2689759692987188,0.9856454198849528,0.00391726783529478,0.014354580115047231,0.0,False,0.0186438479069787,3,64,22,22,21,2,0.003917267835324978,lowest_index_jsq_reflected,6.333391588952964e-10,1.4210854715202004e-14,2.5183848062493297e-15,6.963318810448982e-13,2.8796409701215e-16,8.899547765395255e-13,1.7763568394002505e-15,3.552713678800501e-14,True,0,False,,,,9.890754881780595e-12,9.574785408972275e-12,1025,0.0,2.220446049250313e-16,7.745981633888732e-11,3.008118927561032e-16,1.2185807918285718e-12,8.881784197001252e-16,8.881784197001252e-16,0.0
K4_B4_lambda6_rho1p5_muvm2_muc1_hvm1_hc1_cb10,4,4,6.0,1.5,2.0,1.0,0.5,1.0,1.0,10.0,625,34.289481267084994,34.344737129445875,0.0016114522681310224,34.34540202723842,0.0016308429899494002,34.34464582307228,0.0016087894581314575,0.055164555987282426,0.9983475712857116,9.130637359788807e-05,0.001652428714288433,0.0,False,0.0016087894581314575,4,64,22,22,18,3,9.130637364762606e-05,random_02_reflected,4.615705595512054e-10,2.842170943040401e-14,3.327199626923516e-15,1.4566126083082054e-12,3.191891195797325e-16,6.394884621840902e-13,7.105427357601002e-15,2.1316282072803006e-14,True,0,False,,,,9.634959496906959e-12,9.122480548739986e-12,1025,0.0,2.220446049250313e-16,1.2362733059489983e-10,6.522560269672795e-16,6.323830348264892e-13,4.440892098500626e-16,2.220446049250313e-15,1.4210854715202004e-14
K4_B4_lambda2_rho0p25_muvm4_muc1_hvm1_hc1_cb10,4,4,2.0,0.25,4.0,1.0,1.0,1.0,1.0,10.0,625,2.556820349271747,2.6079163497554183,0.01998419658159584,2.6017935546962794,0.017589505432926412,2.600703849952449,0.017163310161076095,0.0438835006807019,0.8588441417195825,0.00721249980296923,0.14115585828041757,0.0,False,0.017163310161076095,4,64,22,22,2,6,0.0072124998030065335,random_08_reflected,1.8018330161240215e-09,4.529709940470639e-14,4.7211787947579816e-15,7.451816941284051e-13,5.473052566706826e-16,7.972911220122114e-10,4.440892098500626e-16,4.3520742565306136e-14,True,0,False,,,,9.691802915767767e-12,9.108713783234634e-12,1025,0.0,2.220446049250313e-16,5.9605653746075404e-12,2.498001805406602e-16,3.0020430585864233e-13,4.440892098500626e-16,6.661338147750939e-16,0.0
K4_B4_lambda4_rho0p5_muvm4_muc1_hvm1_hc1_cb10,4,4,4.0,0.5,4.0,1.0,1.0,1.0,1.0,10.0,625,6.1422413408368906,6.318032347002303,0.02862000960409358,6.308708303372019,0.02710198985968977,6.308384012582887,0.02704919304316349,0.1661426717459964,0.9451147437523776,0.009648334419416038,0.054885256247622444,0.0,False,0.02704919304316349,2,64,22,22,21,2,0.009648334419464888,random_06_reflected,1.7464241164333316e-10,6.306066779870889e-14,3.774324602856538e-15,5.575984118877386e-12,4.399150314859934e-16,1.3855583347321954e-12,8.881784197001252e-16,3.552713678800501e-15,True,0,False,,,,9.983125437429408e-12,9.687917135181578e-12,1025,0.0,2.220446049250313e-16,3.029843043123037e-11,7.979727989493313e-17,1.2967404927621828e-12,0.0,4.440892098500626e-16,8.881784197001252e-16
K4_B4_lambda6_rho0p75_muvm4_muc1_hvm1_hc1_cb10,4,4,6.0,0.75,4.0,1.0,1.0,1.0,1.0,10.0,625,17.65614876891537,17.834219671451596,0.01008548947263804,17.832718771044934,0.010000482236558125,17.830602436650516,0.009880618362385024,0.17445366773514692,0.9796865476079438,0.003617234801080116,0.020313452392056133,0.0,False,0.009880618362385024,3,64,22,22,20,2,0.0036172348010978794,polish_01,1.705920704697661e-08,1.0658141036401503e-13,5.2735593669694936e-15,7.247535904753022e-13,3.341782146143446e-16,6.323830348264892e-13,0.0,5.3290705182007514e-14,True,3,False,,,,9.976020010071807e-12,9.707235015810056e-12,1025,0.0,2.220446049250313e-16,1.2458656328817597e-10,3.2158452875456767e-16,5.719869022868806e-13,8.881784197001252e-16,8.881784197001252e-16,3.552713678800501e-15
K4_B4_lambda8_rho1_muvm4_muc1_hvm1_hc1_cb10,4,4,8.0,1.0,4.0,1.0,1.0,1.0,1.0,10.0,625,36.999939481652916,37.05202736030933,0.0014077828068406466,37.05322036382093,0.001440026197730159,37.05179745984565,0.001401569270632198,0.05185797819273574,0.9955862962821709,0.00022990046367965533,0.00441370371782917,0.0,False,0.001401569270632198,4,64,22,22,20,2,0.00022990046370807704,random_06,9.655477528625056e-10,4.973799150320701e-14,2.7478019859472624e-15,1.3287149158713873e-12,3.885780586188048e-16,9.805489753489383e-13,7.105427357601002e-15,0.0,True,0,False,,,,9.819700608204585e-12,9.423573033018329e-12,1025,0.0,2.220446049250313e-16,1.8323476069781464e-10,3.0531133177191805e-16,1.3997691894473974e-12,1.7763568394002505e-15,0.0,0.0
K4_B4_lambda12_rho1p5_muvm4_muc1_hvm1_hc1_cb10,4,4,12.0,1.5,4.0,1.0,1.0,1.0,1.0,10.0,625,77.6065711611405,77.61016603721548,4.6321800089844664e-05,77.61033661404262,4.851976895501666e-05,77.61016600573068,4.632139439221044e-05,0.0035948445901823334,0.9999912417558592,3.148480232084694e-08,8.758244140858552e-06,0.0,False,4.632139439221044e-05,6,64,22,22,22,14,4.2466837157917325e-08,random_05,4.84755097174272e-09,2.842170943040401e-14,4.718447854656915e-16,2.0037305148434825e-12,3.0531133177191805e-16,1.1795009413617663e-12,1.4210854715202004e-14,4.263256414560601e-14,True,0,False,,,,9.947598300641403e-12,9.190870287056896e-12,1025,0.0,2.220446049250313e-16,2.14143369703379e-10,3.3306690738754696e-16,1.2647660696529783e-12,8.881784197001252e-16,8.881784197001252e-16,0.0
K4_B4_lambda2_rho0p25_muvm8_muc1_hvm1_hc1_cb10,4,4,2.0,0.25,8.0,1.0,2.0,1.0,1.0,10.0,625,2.258623264924521,2.273840558822226,0.006737420150594983,2.270931668927042,0.005449516169281149,2.2683372527491388,0.0043008446674006814,0.009713987824617742,0.6383518574273378,0.005503306073087355,0.36164814257266215,0.0,False,0.0043008446674006814,4,64,22,22,11,10,0.005497842967513211,random_05,2.0225165986431648e-10,3.774758283725532e-14,5.0252386882898906e-15,3.26405569239796e-13,4.649601016704086e-16,3.730349362740526e-13,0.0,2.1760371282653068e-14,True,0,False,,,,9.777068044058979e-12,9.371448062012178e-12,1025,0.0,2.220446049250313e-16,1.2755130285313498e-11,3.634245682171411e-16,2.873257187729905e-13,4.440892098500626e-16,1.3322676295501878e-15,4.440892098500626e-16
K4_B4_lambda4_rho0p5_muvm8_muc1_hvm1_hc1_cb10,4,4,4.0,0.5,8.0,1.0,2.0,1.0,1.0,10.0,625,4.7460875920771155,4.7977216488001835,0.010879288618537788,4.791779904569634,0.009627363929986314,4.787361482550461,0.00869640302093155,0.041273890473345176,0.7993540134704483,0.010360166249722802,0.20064598652955162,0.0,False,0.00869640302093155,3,64,22,22,6,5,0.010360166249767211,random_04,8.675972162919265e-10,9.947598300641403e-14,6.748291161984277e-15,2.4664714715072478e-12,1.5460722979643293e-16,4.511946372076636e-13,8.881784197001252e-16,8.881784197001252e-15,True,0,False,,,,9.99733629214461e-12,9.727024741224e-12,1025,0.0,1.1102230246251565e-16,2.5146107418549946e-11,1.249000902703301e-16,3.0109248427834245e-13,4.440892098500626e-16,8.881784197001252e-16,0.0
K4_B4_lambda6_rho0p75_muvm8_muc1_hvm1_hc1_cb10,4,4,6.0,0.75,8.0,1.0,2.0,1.0,1.0,10.0,625,10.4219836840212,10.50924990221625,0.00837328294121646,10.504002142936823,0.007869755067969707,10.501787446580613,0.0076572526861433034,0.07980376255941302,0.9144863179591621,0.007462455635637966,0.08551368204083781,0.0,False,0.0076572526861433034,3,64,22,22,8,3,0.007462455635740994,random_04,2.6115098972212536e-09,1.0125233984581428e-13,2.9004576518332215e-15,7.86926079854311e-13,4.181056271600897e-16,1.3820056210533949e-12,1.7763568394002505e-15,1.1013412404281553e-13,True,0,False,,,,9.947598300641403e-12,9.782286092274717e-12,1025,0.0,2.220446049250313e-16,1.1533707322541886e-10,3.3306690738754696e-16,7.229772336359019e-13,8.881784197001252e-16,1.7763568394002505e-15,1.7763568394002505e-15
K4_B4_lambda8_rho1_muvm8_muc1_hvm1_hc1_cb10,4,4,8.0,1.0,8.0,1.0,2.0,1.0,1.0,10.0,625,25.534246164172806,25.590941799931027,0.002220376328860279,25.590673921220983,0.002209885370626307,25.589114792985335,0.0021488250900280957,0.054868628812528186,0.9677751749096917,0.0018270069456924887,0.03222482509030827,0.0,False,0.0021488250900280957,4,64,22,22,20,2,0.0018270069459340732,always_vm2_when_both_feasible,6.519658035664122e-09,1.9184653865522705e-13,9.270362255620057e-15,2.0961010704922955e-12,2.7755575615628914e-16,1.623590151211829e-12,0.0,7.460698725481052e-14,True,0,False,,,,9.79127889877418e-12,9.591438754341652e-12,1025,0.0,2.220446049250313e-16,2.290931888637715e-10,3.3306690738754696e-16,9.094947017729282e-13,1.7763568394002505e-15,8.881784197001252e-16,0.0
K4_B4_lambda12_rho1p5_muvm8_muc1_hvm1_hc1_cb10,4,4,12.0,1.5,8.0,1.0,2.0,1.0,1.0,10.0,625,65.66010255198414,65.6660099253478,8.99689938647027e-05,65.66637350494257,9.550629247747886e-05,65.66598902178228,8.965063363222119e-05,0.005886469798142002,0.996461445006707,2.0903565513208378e-05,0.0035385549932930283,0.0,False,8.965063363222119e-05,5,64,22,22,4,5,2.090356566952778e-05,random_04_reflected,8.625730074651727e-09,9.947598300641403e-14,3.774758283725532e-15,3.183231456205249e-12,4.440892098500626e-16,2.2026824808563106e-12,1.4210854715202004e-14,2.842170943040401e-14,True,0,False,,,,9.904965736495797e-12,9.471534667682135e-12,1025,0.0,2.220446049250313e-16,3.1437252800969873e-10,4.440892098500626e-16,1.6058265828178264e-12,1.7763568394002505e-15,1.7763568394002505e-15,1.4210854715202004e-14
